year,month,day,price,price_shifted_1,price_shifted_2,price_shifted_3,price_shifted_10,price_shifted_50,price_shifted_100,price_shifted_200,cycle_year_0,cycle_year_1,cycle_year_2,cycle_year_3,last_halving,next_halving
2017,8,17,4285,-1,-1,-1,-1,-1,-1,-1,0,0,0,1,404,-998
2017,8,18,4108,4285,-1,-1,-1,-1,-1,-1,0,0,0,1,405,-997
2017,8,19,4139,4108,4285,-1,-1,-1,-1,-1,0,0,0,1,406,-996
2017,8,20,4086,4139,4108,4285,-1,-1,-1,-1,0,0,0,1,407,-995
2017,8,21,4016,4086,4139,4108,-1,-1,-1,-1,0,0,0,1,408,-994
2017,8,22,4040,4016,4086,4139,-1,-1,-1,-1,0,0,0,1,409,-993
2017,8,23,4114,4040,4016,4086,-1,-1,-1,-1,0,0,0,1,410,-992
2017,8,24,4316,4114,4040,4016,-1,-1,-1,-1,0,0,0,1,411,-991
2017,8,25,4280,4316,4114,4040,-1,-1,-1,-1,0,0,0,1,412,-990
2017,8,26,4337,4280,4316,4114,-1,-1,-1,-1,0,0,0,1,413,-989
2017,8,27,4310,4337,4280,4316,4285,-1,-1,-1,0,0,0,1,414,-988
2017,8,28,4386,4310,4337,4280,4108,-1,-1,-1,0,0,0,1,415,-987
2017,8,29,4587,4386,4310,4337,4139,-1,-1,-1,0,0,0,1,416,-986
2017,8,30,4555,4587,4386,4310,4086,-1,-1,-1,0,0,0,1,417,-985
2017,8,31,4724,4555,4587,4386,4016,-1,-1,-1,0,0,0,1,418,-984
2017,9,1,4834,4724,4555,4587,4040,-1,-1,-1,0,0,0,1,419,-983
2017,9,2,4472,4834,4724,4555,4114,-1,-1,-1,0,0,0,1,420,-982
2017,9,3,4509,4472,4834,4724,4316,-1,-1,-1,0,0,0,1,421,-981
2017,9,4,4100,4509,4472,4834,4280,-1,-1,-1,0,0,0,1,422,-980
2017,9,5,4366,4100,4509,4472,4337,-1,-1,-1,0,0,0,1,423,-979
2017,9,6,4619,4366,4100,4509,4310,-1,-1,-1,0,0,0,1,424,-978
2017,9,7,4691,4619,4366,4100,4386,-1,-1,-1,0,0,0,1,425,-977
2017,9,8,4282,4691,4619,4366,4587,-1,-1,-1,0,0,0,1,426,-976
2017,9,9,4258,4282,4691,4619,4555,-1,-1,-1,0,0,0,1,427,-975
2017,9,10,4130,4258,4282,4691,4724,-1,-1,-1,0,0,0,1,428,-974
2017,9,11,4208,4130,4258,4282,4834,-1,-1,-1,0,0,0,1,429,-973
2017,9,12,4163,4208,4130,4258,4472,-1,-1,-1,0,0,0,1,430,-972
2017,9,13,3944,4163,4208,4130,4509,-1,-1,-1,0,0,0,1,431,-971
2017,9,14,3189,3944,4163,4208,4100,-1,-1,-1,0,0,0,1,432,-970
2017,9,15,3700,3189,3944,4163,4366,-1,-1,-1,0,0,0,1,433,-969
2017,9,16,3714,3700,3189,3944,4619,-1,-1,-1,0,0,0,1,434,-968
2017,9,17,3699,3714,3700,3189,4691,-1,-1,-1,0,0,0,1,435,-967
2017,9,18,4035,3699,3714,3700,4282,-1,-1,-1,0,0,0,1,436,-966
2017,9,19,3910,4035,3699,3714,4258,-1,-1,-1,0,0,0,1,437,-965
2017,9,20,3900,3910,4035,3699,4130,-1,-1,-1,0,0,0,1,438,-964
2017,9,21,3609,3900,3910,4035,4208,-1,-1,-1,0,0,0,1,439,-963
2017,9,22,3595,3609,3900,3910,4163,-1,-1,-1,0,0,0,1,440,-962
2017,9,23,3780,3595,3609,3900,3944,-1,-1,-1,0,0,0,1,441,-961
2017,9,24,3660,3780,3595,3609,3189,-1,-1,-1,0,0,0,1,442,-960
2017,9,25,3920,3660,3780,3595,3700,-1,-1,-1,0,0,0,1,443,-959
2017,9,26,3882,3920,3660,3780,3714,-1,-1,-1,0,0,0,1,444,-958
2017,9,27,4193,3882,3920,3660,3699,-1,-1,-1,0,0,0,1,445,-957
2017,9,28,4174,4193,3882,3920,4035,-1,-1,-1,0,0,0,1,446,-956
2017,9,29,4174,4174,4193,3882,3910,-1,-1,-1,0,0,0,1,447,-955
2017,9,30,4378,4174,4174,4193,3900,-1,-1,-1,0,0,0,1,448,-954
2017,10,1,4378,4378,4174,4174,3609,-1,-1,-1,0,0,0,1,449,-953
2017,10,2,4380,4378,4378,4174,3595,-1,-1,-1,0,0,0,1,450,-952
2017,10,3,4310,4380,4378,4378,3780,-1,-1,-1,0,0,0,1,451,-951
2017,10,4,4208,4310,4380,4378,3660,-1,-1,-1,0,0,0,1,452,-950
2017,10,5,4292,4208,4310,4380,3920,-1,-1,-1,0,0,0,1,453,-949
2017,10,6,4369,4292,4208,4310,3882,4285,-1,-1,0,0,0,1,454,-948
2017,10,7,4423,4369,4292,4208,4193,4108,-1,-1,0,0,0,1,455,-947
2017,10,8,4640,4423,4369,4292,4174,4139,-1,-1,0,0,0,1,456,-946
2017,10,9,4786,4640,4423,4369,4174,4086,-1,-1,0,0,0,1,457,-945
2017,10,10,4783,4786,4640,4423,4378,4016,-1,-1,0,0,0,1,458,-944
2017,10,11,4821,4783,4786,4640,4378,4040,-1,-1,0,0,0,1,459,-943
2017,10,12,5430,4821,4783,4786,4380,4114,-1,-1,0,0,0,1,460,-942
2017,10,13,5649,5430,4821,4783,4310,4316,-1,-1,0,0,0,1,461,-941
2017,10,14,5869,5649,5430,4821,4208,4280,-1,-1,0,0,0,1,462,-940
2017,10,15,5709,5869,5649,5430,4292,4337,-1,-1,0,0,0,1,463,-939
2017,10,16,5760,5709,5869,5649,4369,4310,-1,-1,0,0,0,1,464,-938
2017,10,17,5595,5760,5709,5869,4423,4386,-1,-1,0,0,0,1,465,-937
2017,10,18,5512,5595,5760,5709,4640,4587,-1,-1,0,0,0,1,466,-936
2017,10,19,5683,5512,5595,5760,4786,4555,-1,-1,0,0,0,1,467,-935
2017,10,20,6010,5683,5512,5595,4783,4724,-1,-1,0,0,0,1,468,-934
2017,10,21,6024,6010,5683,5512,4821,4834,-1,-1,0,0,0,1,469,-933
2017,10,22,5950,6024,6010,5683,5430,4472,-1,-1,0,0,0,1,470,-932
2017,10,23,5915,5950,6024,6010,5649,4509,-1,-1,0,0,0,1,471,-931
2017,10,24,5477,5915,5950,6024,5869,4100,-1,-1,0,0,0,1,472,-930
2017,10,25,5689,5477,5915,5950,5709,4366,-1,-1,0,0,0,1,473,-929
2017,10,26,5861,5689,5477,5915,5760,4619,-1,-1,0,0,0,1,474,-928
2017,10,27,5768,5861,5689,5477,5595,4691,-1,-1,0,0,0,1,475,-927
2017,10,28,5719,5768,5861,5689,5512,4282,-1,-1,0,0,0,1,476,-926
2017,10,29,6169,5719,5768,5861,5683,4258,-1,-1,0,0,0,1,477,-925
2017,10,30,6120,6169,5719,5768,6010,4130,-1,-1,0,0,0,1,478,-924
2017,10,31,6463,6120,6169,5719,6024,4208,-1,-1,0,0,0,1,479,-923
2017,11,1,6753,6463,6120,6169,5950,4163,-1,-1,0,0,0,1,480,-922
2017,11,2,7019,6753,6463,6120,5915,3944,-1,-1,0,0,0,1,481,-921
2017,11,3,7115,7019,6753,6463,5477,3189,-1,-1,0,0,0,1,482,-920
2017,11,4,7357,7115,7019,6753,5689,3700,-1,-1,0,0,0,1,483,-919
2017,11,5,7345,7357,7115,7019,5861,3714,-1,-1,0,0,0,1,484,-918
2017,11,6,6960,7345,7357,7115,5768,3699,-1,-1,0,0,0,1,485,-917
2017,11,7,7064,6960,7345,7357,5719,4035,-1,-1,0,0,0,1,486,-916
2017,11,8,7303,7064,6960,7345,6169,3910,-1,-1,0,0,0,1,487,-915
2017,11,9,7079,7303,7064,6960,6120,3900,-1,-1,0,0,0,1,488,-914
2017,11,10,6506,7079,7303,7064,6463,3609,-1,-1,0,0,0,1,489,-913
2017,11,11,6245,6506,7079,7303,6753,3595,-1,-1,0,0,0,1,490,-912
2017,11,12,5811,6245,6506,7079,7019,3780,-1,-1,0,0,0,1,491,-911
2017,11,13,6465,5811,6245,6506,7115,3660,-1,-1,0,0,0,1,492,-910
2017,11,14,6574,6465,5811,6245,7357,3920,-1,-1,0,0,0,1,493,-909
2017,11,15,7240,6574,6465,5811,7345,3882,-1,-1,0,0,0,1,494,-908
2017,11,16,7864,7240,6574,6465,6960,4193,-1,-1,0,0,0,1,495,-907
2017,11,17,7699,7864,7240,6574,7064,4174,-1,-1,0,0,0,1,496,-906
2017,11,18,7761,7699,7864,7240,7303,4174,-1,-1,0,0,0,1,497,-905
2017,11,19,8038,7761,7699,7864,7079,4378,-1,-1,0,0,0,1,498,-904
2017,11,20,8212,8038,7761,7699,6506,4378,-1,-1,0,0,0,1,499,-903
2017,11,21,8119,8212,8038,7761,6245,4380,-1,-1,0,0,0,1,500,-902
2017,11,22,8205,8119,8212,8038,5811,4310,-1,-1,0,0,0,1,501,-901
2017,11,23,8019,8205,8119,8212,6465,4208,-1,-1,0,0,0,1,502,-900
2017,11,24,8138,8019,8205,8119,6574,4292,-1,-1,0,0,0,1,503,-899
2017,11,25,8700,8138,8019,8205,7240,4369,4285,-1,0,0,0,1,504,-898
2017,11,26,9128,8700,8138,8019,7864,4423,4108,-1,0,0,0,1,505,-897
2017,11,27,9650,9128,8700,8138,7699,4640,4139,-1,0,0,0,1,506,-896
2017,11,28,9896,9650,9128,8700,7761,4786,4086,-1,0,0,0,1,507,-895
2017,11,29,9687,9896,9650,9128,8038,4783,4016,-1,0,0,0,1,508,-894
2017,11,30,9838,9687,9896,9650,8212,4821,4040,-1,0,0,0,1,509,-893
2017,12,1,10782,9838,9687,9896,8119,5430,4114,-1,0,0,0,1,510,-892
2017,12,2,10890,10782,9838,9687,8205,5649,4316,-1,0,0,0,1,511,-891
2017,12,3,11165,10890,10782,9838,8019,5869,4280,-1,0,0,0,1,512,-890
2017,12,4,11579,11165,10890,10782,8138,5709,4337,-1,0,0,0,1,513,-889
2017,12,5,11699,11579,11165,10890,8700,5760,4310,-1,0,0,0,1,514,-888
2017,12,6,13550,11699,11579,11165,9128,5595,4386,-1,0,0,0,1,515,-887
2017,12,7,16599,13550,11699,11579,9650,5512,4587,-1,0,0,0,1,516,-886
2017,12,8,15880,16599,13550,11699,9896,5683,4555,-1,0,0,0,1,517,-885
2017,12,9,14656,15880,16599,13550,9687,6010,4724,-1,0,0,0,1,518,-884
2017,12,10,14899,14656,15880,16599,9838,6024,4834,-1,0,0,0,1,519,-883
2017,12,11,16587,14899,14656,15880,10782,5950,4472,-1,0,0,0,1,520,-882
2017,12,12,16349,16587,14899,14656,10890,5915,4509,-1,0,0,0,1,521,-881
2017,12,13,16033,16349,16587,14899,11165,5477,4100,-1,0,0,0,1,522,-880
2017,12,14,16334,16033,16349,16587,11579,5689,4366,-1,0,0,0,1,523,-879
2017,12,15,17539,16334,16033,16349,11699,5861,4619,-1,0,0,0,1,524,-878
2017,12,16,19102,17539,16334,16033,13550,5768,4691,-1,0,0,0,1,525,-877
2017,12,17,18860,19102,17539,16334,16599,5719,4282,-1,0,0,0,1,526,-876
2017,12,18,18856,18860,19102,17539,15880,6169,4258,-1,0,0,0,1,527,-875
2017,12,19,17295,18856,18860,19102,14656,6120,4130,-1,0,0,0,1,528,-874
2017,12,20,16488,17295,18856,18860,14899,6463,4208,-1,0,0,0,1,529,-873
2017,12,21,15492,16488,17295,18856,16587,6753,4163,-1,0,0,0,1,530,-872
2017,12,22,13326,15492,16488,17295,16349,7019,3944,-1,0,0,0,1,531,-871
2017,12,23,13300,13326,15492,16488,16033,7115,3189,-1,0,0,0,1,532,-870
2017,12,24,13500,13300,13326,15492,16334,7357,3700,-1,0,0,0,1,533,-869
2017,12,25,13699,13500,13300,13326,17539,7345,3714,-1,0,0,0,1,534,-868
2017,12,26,15689,13699,13500,13300,19102,6960,3699,-1,0,0,0,1,535,-867
2017,12,27,15459,15689,13699,13500,18860,7064,4035,-1,0,0,0,1,536,-866
2017,12,28,14182,15459,15689,13699,18856,7303,3910,-1,0,0,0,1,537,-865
2017,12,29,14378,14182,15459,15689,17295,7079,3900,-1,0,0,0,1,538,-864
2017,12,30,12440,14378,14182,15459,16488,6506,3609,-1,0,0,0,1,539,-863
2017,12,31,13716,12440,14378,14182,15492,6245,3595,-1,0,0,0,1,540,-862
2018,1,1,13380,13716,12440,14378,13326,5811,3780,-1,1,0,0,0,541,-861
2018,1,2,14675,13380,13716,12440,13300,6465,3660,-1,1,0,0,0,542,-860
2018,1,3,14919,14675,13380,13716,13500,6574,3920,-1,1,0,0,0,543,-859
2018,1,4,15059,14919,14675,13380,13699,7240,3882,-1,1,0,0,0,544,-858
2018,1,5,16960,15059,14919,14675,15689,7864,4193,-1,1,0,0,0,545,-857
2018,1,6,17069,16960,15059,14919,15459,7699,4174,-1,1,0,0,0,546,-856
2018,1,7,16150,17069,16960,15059,14182,7761,4174,-1,1,0,0,0,547,-855
2018,1,8,14902,16150,17069,16960,14378,8038,4378,-1,1,0,0,0,548,-854
2018,1,9,14400,14902,16150,17069,12440,8212,4378,-1,1,0,0,0,549,-853
2018,1,10,14907,14400,14902,16150,13716,8119,4380,-1,1,0,0,0,550,-852
2018,1,11,13238,14907,14400,14902,13380,8205,4310,-1,1,0,0,0,551,-851
2018,1,12,13740,13238,14907,14400,14675,8019,4208,-1,1,0,0,0,552,-850
2018,1,13,14210,13740,13238,14907,14919,8138,4292,-1,1,0,0,0,553,-849
2018,1,14,13474,14210,13740,13238,15059,8700,4369,-1,1,0,0,0,554,-848
2018,1,15,13539,13474,14210,13740,16960,9128,4423,-1,1,0,0,0,555,-847
2018,1,16,10900,13539,13474,14210,17069,9650,4640,-1,1,0,0,0,556,-846
2018,1,17,10988,10900,13539,13474,16150,9896,4786,-1,1,0,0,0,557,-845
2018,1,18,10961,10988,10900,13539,14902,9687,4783,-1,1,0,0,0,558,-844
2018,1,19,11474,10961,10988,10900,14400,9838,4821,-1,1,0,0,0,559,-843
2018,1,20,12799,11474,10961,10988,14907,10782,5430,-1,1,0,0,0,560,-842
2018,1,21,11530,12799,11474,10961,13238,10890,5649,-1,1,0,0,0,561,-841
2018,1,22,10760,11530,12799,11474,13740,11165,5869,-1,1,0,0,0,562,-840
2018,1,23,10799,10760,11530,12799,14210,11579,5709,-1,1,0,0,0,563,-839
2018,1,24,11349,10799,10760,11530,13474,11699,5760,-1,1,0,0,0,564,-838
2018,1,25,11175,11349,10799,10760,13539,13550,5595,-1,1,0,0,0,565,-837
2018,1,26,11089,11175,11349,10799,10900,16599,5512,-1,1,0,0,0,566,-836
2018,1,27,11491,11089,11175,11349,10988,15880,5683,-1,1,0,0,0,567,-835
2018,1,28,11879,11491,11089,11175,10961,14656,6010,-1,1,0,0,0,568,-834
2018,1,29,11251,11879,11491,11089,11474,14899,6024,-1,1,0,0,0,569,-833
2018,1,30,10237,11251,11879,11491,12799,16587,5950,-1,1,0,0,0,570,-832
2018,1,31,10285,10237,11251,11879,11530,16349,5915,-1,1,0,0,0,571,-831
2018,2,1,9224,10285,10237,11251,10760,16033,5477,-1,1,0,0,0,572,-830
2018,2,2,8873,9224,10285,10237,10799,16334,5689,-1,1,0,0,0,573,-829
2018,2,3,9199,8873,9224,10285,11349,17539,5861,-1,1,0,0,0,574,-828
2018,2,4,8184,9199,8873,9224,11175,19102,5768,-1,1,0,0,0,575,-827
2018,2,5,6939,8184,9199,8873,11089,18860,5719,-1,1,0,0,0,576,-826
2018,2,6,7652,6939,8184,9199,11491,18856,6169,-1,1,0,0,0,577,-825
2018,2,7,7599,7652,6939,8184,11879,17295,6120,-1,1,0,0,0,578,-824
2018,2,8,7784,7599,7652,6939,11251,16488,6463,-1,1,0,0,0,579,-823
2018,2,9,8683,7784,7599,7652,10237,15492,6753,-1,1,0,0,0,580,-822
2018,2,10,8533,8683,7784,7599,10285,13326,7019,-1,1,0,0,0,581,-821
2018,2,11,8063,8533,8683,7784,9224,13300,7115,-1,1,0,0,0,582,-820
2018,2,12,8903,8063,8533,8683,8873,13500,7357,-1,1,0,0,0,583,-819
2018,2,13,8539,8903,8063,8533,9199,13699,7345,-1,1,0,0,0,584,-818
2018,2,14,9449,8539,8903,8063,8184,15689,6960,-1,1,0,0,0,585,-817
2018,2,15,10000,9449,8539,8903,6939,15459,7064,-1,1,0,0,0,586,-816
2018,2,16,10159,10000,9449,8539,7652,14182,7303,-1,1,0,0,0,587,-815
2018,2,17,11039,10159,10000,9449,7599,14378,7079,-1,1,0,0,0,588,-814
2018,2,18,10383,11039,10159,10000,7784,12440,6506,-1,1,0,0,0,589,-813
2018,2,19,11153,10383,11039,10159,8683,13716,6245,-1,1,0,0,0,590,-812
2018,2,20,11200,11153,10383,11039,8533,13380,5811,-1,1,0,0,0,591,-811
2018,2,21,10437,11200,11153,10383,8063,14675,6465,-1,1,0,0,0,592,-810
2018,2,22,9811,10437,11200,11153,8903,14919,6574,-1,1,0,0,0,593,-809
2018,2,23,10131,9811,10437,11200,8539,15059,7240,-1,1,0,0,0,594,-808
2018,2,24,9694,10131,9811,10437,9449,16960,7864,-1,1,0,0,0,595,-807
2018,2,25,9590,9694,10131,9811,10000,17069,7699,-1,1,0,0,0,596,-806
2018,2,26,10324,9590,9694,10131,10159,16150,7761,-1,1,0,0,0,597,-805
2018,2,27,10569,10324,9590,9694,11039,14902,8038,-1,1,0,0,0,598,-804
2018,2,28,10326,10569,10324,9590,10383,14400,8212,-1,1,0,0,0,599,-803
2018,3,1,10920,10326,10569,10324,11153,14907,8119,-1,1,0,0,0,600,-802
2018,3,2,11039,10920,10326,10569,11200,13238,8205,-1,1,0,0,0,601,-801
2018,3,3,11464,11039,10920,10326,10437,13740,8019,-1,1,0,0,0,602,-800
2018,3,4,11515,11464,11039,10920,9811,14210,8138,-1,1,0,0,0,603,-799
2018,3,5,11454,11515,11464,11039,10131,13474,8700,4285,1,0,0,0,604,-798
2018,3,6,10716,11454,11515,11464,9694,13539,9128,4108,1,0,0,0,605,-797
2018,3,7,9910,10716,11454,11515,9590,10900,9650,4139,1,0,0,0,606,-796
2018,3,8,9271,9910,10716,11454,10324,10988,9896,4086,1,0,0,0,607,-795
2018,3,9,9227,9271,9910,10716,10569,10961,9687,4016,1,0,0,0,608,-794
2018,3,10,8770,9227,9271,9910,10326,11474,9838,4040,1,0,0,0,609,-793
2018,3,11,9533,8770,9227,9271,10920,12799,10782,4114,1,0,0,0,610,-792
2018,3,12,9131,9533,8770,9227,11039,11530,10890,4316,1,0,0,0,611,-791
2018,3,13,9150,9131,9533,8770,11464,10760,11165,4280,1,0,0,0,612,-790
2018,3,14,8170,9150,9131,9533,11515,10799,11579,4337,1,0,0,0,613,-789
2018,3,15,8240,8170,9150,9131,11454,11349,11699,4310,1,0,0,0,614,-788
2018,3,16,8260,8240,8170,9150,10716,11175,13550,4386,1,0,0,0,615,-787
2018,3,17,7824,8260,8240,8170,9910,11089,16599,4587,1,0,0,0,616,-786
2018,3,18,8189,7824,8260,8240,9271,11491,15880,4555,1,0,0,0,617,-785
2018,3,19,8600,8189,7824,8260,9227,11879,14656,4724,1,0,0,0,618,-784
2018,3,20,8909,8600,8189,7824,8770,11251,14899,4834,1,0,0,0,619,-783
2018,3,21,8885,8909,8600,8189,9533,10237,16587,4472,1,0,0,0,620,-782
2018,3,22,8722,8885,8909,8600,9131,10285,16349,4509,1,0,0,0,621,-781
2018,3,23,8898,8722,8885,8909,9150,9224,16033,4100,1,0,0,0,622,-780
2018,3,24,8546,8898,8722,8885,8170,8873,16334,4366,1,0,0,0,623,-779
2018,3,25,8470,8546,8898,8722,8240,9199,17539,4619,1,0,0,0,624,-778
2018,3,26,8134,8470,8546,8898,8260,8184,19102,4691,1,0,0,0,625,-777
2018,3,27,7795,8134,8470,8546,7824,6939,18860,4282,1,0,0,0,626,-776
2018,3,28,7949,7795,8134,8470,8189,7652,18856,4258,1,0,0,0,627,-775
2018,3,29,7090,7949,7795,8134,8600,7599,17295,4130,1,0,0,0,628,-774
2018,3,30,6840,7090,7949,7795,8909,7784,16488,4208,1,0,0,0,629,-773
2018,3,31,6923,6840,7090,7949,8885,8683,15492,4163,1,0,0,0,630,-772
2018,4,1,6813,6923,6840,7090,8722,8533,13326,3944,1,0,0,0,631,-771
2018,4,2,7056,6813,6923,6840,8898,8063,13300,3189,1,0,0,0,632,-770
2018,4,3,7405,7056,6813,6923,8546,8903,13500,3700,1,0,0,0,633,-769
2018,4,4,6796,7405,7056,6813,8470,8539,13699,3714,1,0,0,0,634,-768
2018,4,5,6770,6796,7405,7056,8134,9449,15689,3699,1,0,0,0,635,-767
2018,4,6,6601,6770,6796,7405,7795,10000,15459,4035,1,0,0,0,636,-766
2018,4,7,6895,6601,6770,6796,7949,10159,14182,3910,1,0,0,0,637,-765
2018,4,8,7018,6895,6601,6770,7090,11039,14378,3900,1,0,0,0,638,-764
2018,4,9,6782,7018,6895,6601,6840,10383,12440,3609,1,0,0,0,639,-763
2018,4,10,6843,6782,7018,6895,6923,11153,13716,3595,1,0,0,0,640,-762
2018,4,11,6953,6843,6782,7018,6813,11200,13380,3780,1,0,0,0,641,-761
2018,4,12,7923,6953,6843,6782,7056,10437,14675,3660,1,0,0,0,642,-760
2018,4,13,7877,7923,6953,6843,7405,9811,14919,3920,1,0,0,0,643,-759
2018,4,14,7999,7877,7923,6953,6796,10131,15059,3882,1,0,0,0,644,-758
2018,4,15,8355,7999,7877,7923,6770,9694,16960,4193,1,0,0,0,645,-757
2018,4,16,8064,8355,7999,7877,6601,9590,17069,4174,1,0,0,0,646,-756
2018,4,17,7885,8064,8355,7999,6895,10324,16150,4174,1,0,0,0,647,-755
2018,4,18,8173,7885,8064,8355,7018,10569,14902,4378,1,0,0,0,648,-754
2018,4,19,8278,8173,7885,8064,6782,10326,14400,4378,1,0,0,0,649,-753
2018,4,20,8856,8278,8173,7885,6843,10920,14907,4380,1,0,0,0,650,-752
2018,4,21,8915,8856,8278,8173,6953,11039,13238,4310,1,0,0,0,651,-751
2018,4,22,8787,8915,8856,8278,7923,11464,13740,4208,1,0,0,0,652,-750
2018,4,23,8934,8787,8915,8856,7877,11515,14210,4292,1,0,0,0,653,-749
2018,4,24,9619,8934,8787,8915,7999,11454,13474,4369,1,0,0,0,654,-748
2018,4,25,8869,9619,8934,8787,8355,10716,13539,4423,1,0,0,0,655,-747
2018,4,26,9266,8869,9619,8934,8064,9910,10900,4640,1,0,0,0,656,-746
2018,4,27,8915,9266,8869,9619,7885,9271,10988,4786,1,0,0,0,657,-745
2018,4,28,9348,8915,9266,8869,8173,9227,10961,4783,1,0,0,0,658,-744
2018,4,29,9419,9348,8915,9266,8278,8770,11474,4821,1,0,0,0,659,-743
2018,4,30,9246,9419,9348,8915,8856,9533,12799,5430,1,0,0,0,660,-742
2018,5,1,9071,9246,9419,9348,8915,9131,11530,5649,1,0,0,0,661,-741
2018,5,2,9247,9071,9246,9419,8787,9150,10760,5869,1,0,0,0,662,-740
2018,5,3,9750,9247,9071,9246,8934,8170,10799,5709,1,0,0,0,663,-739
2018,5,4,9713,9750,9247,9071,9619,8240,11349,5760,1,0,0,0,664,-738
2018,5,5,9864,9713,9750,9247,8869,8260,11175,5595,1,0,0,0,665,-737
2018,5,6,9659,9864,9713,9750,9266,7824,11089,5512,1,0,0,0,666,-736
2018,5,7,9365,9659,9864,9713,8915,8189,11491,5683,1,0,0,0,667,-735
2018,5,8,9187,9365,9659,9864,9348,8600,11879,6010,1,0,0,0,668,-734
2018,5,9,9310,9187,9365,9659,9419,8909,11251,6024,1,0,0,0,669,-733
2018,5,10,9002,9310,9187,9365,9246,8885,10237,5950,1,0,0,0,670,-732
2018,5,11,8400,9002,9310,9187,9071,8722,10285,5915,1,0,0,0,671,-731
2018,5,12,8465,8400,9002,9310,9247,8898,9224,5477,1,0,0,0,672,-730
2018,5,13,8679,8465,8400,9002,9750,8546,8873,5689,1,0,0,0,673,-729
2018,5,14,8663,8679,8465,8400,9713,8470,9199,5861,1,0,0,0,674,-728
2018,5,15,8462,8663,8679,8465,9864,8134,8184,5768,1,0,0,0,675,-727
2018,5,16,8330,8462,8663,8679,9659,7795,6939,5719,1,0,0,0,676,-726
2018,5,17,8041,8330,8462,8663,9365,7949,7652,6169,1,0,0,0,677,-725
2018,5,18,8239,8041,8330,8462,9187,7090,7599,6120,1,0,0,0,678,-724
2018,5,19,8233,8239,8041,8330,9310,6840,7784,6463,1,0,0,0,679,-723
2018,5,20,8526,8233,8239,8041,9002,6923,8683,6753,1,0,0,0,680,-722
2018,5,21,8381,8526,8233,8239,8400,6813,8533,7019,1,0,0,0,681,-721
2018,5,22,7977,8381,8526,8233,8465,7056,8063,7115,1,0,0,0,682,-720
2018,5,23,7501,7977,8381,8526,8679,7405,8903,7357,1,0,0,0,683,-719
2018,5,24,7575,7501,7977,8381,8663,6796,8539,7345,1,0,0,0,684,-718
2018,5,25,7457,7575,7501,7977,8462,6770,9449,6960,1,0,0,0,685,-717
2018,5,26,7333,7457,7575,7501,8330,6601,10000,7064,1,0,0,0,686,-716
2018,5,27,7338,7333,7457,7575,8041,6895,10159,7303,1,0,0,0,687,-715
2018,5,28,7099,7338,7333,7457,8239,7018,11039,7079,1,0,0,0,688,-714
2018,5,29,7461,7099,7338,7333,8233,6782,10383,6506,1,0,0,0,689,-713
2018,5,30,7375,7461,7099,7338,8526,6843,11153,6245,1,0,0,0,690,-712
2018,5,31,7485,7375,7461,7099,8381,6953,11200,5811,1,0,0,0,691,-711
2018,6,1,7521,7485,7375,7461,7977,7923,10437,6465,1,0,0,0,692,-710
2018,6,2,7640,7521,7485,7375,7501,7877,9811,6574,1,0,0,0,693,-709
2018,6,3,7714,7640,7521,7485,7575,7999,10131,7240,1,0,0,0,694,-708
2018,6,4,7487,7714,7640,7521,7457,8355,9694,7864,1,0,0,0,695,-707
2018,6,5,7625,7487,7714,7640,7333,8064,9590,7699,1,0,0,0,696,-706
2018,6,6,7658,7625,7487,7714,7338,7885,10324,7761,1,0,0,0,697,-705
2018,6,7,7691,7658,7625,7487,7099,8173,10569,8038,1,0,0,0,698,-704
2018,6,8,7603,7691,7658,7625,7461,8278,10326,8212,1,0,0,0,699,-703
2018,6,9,7491,7603,7691,7658,7375,8856,10920,8119,1,0,0,0,700,-702
2018,6,10,6764,7491,7603,7691,7485,8915,11039,8205,1,0,0,0,701,-701
2018,6,11,6872,6764,7491,7603,7521,8787,11464,8019,1,0,0,0,702,-700
2018,6,12,6530,6872,6764,7491,7640,8934,11515,8138,1,0,0,0,703,-699
2018,6,13,6292,6530,6872,6764,7714,9619,11454,8700,1,0,0,0,704,-698
2018,6,14,6635,6292,6530,6872,7487,8869,10716,9128,1,0,0,0,705,-697
2018,6,15,6388,6635,6292,6530,7625,9266,9910,9650,1,0,0,0,706,-696
2018,6,16,6483,6388,6635,6292,7658,8915,9271,9896,1,0,0,0,707,-695
2018,6,17,6449,6483,6388,6635,7691,9348,9227,9687,1,0,0,0,708,-694
2018,6,18,6712,6449,6483,6388,7603,9419,8770,9838,1,0,0,0,709,-693
2018,6,19,6741,6712,6449,6483,7491,9246,9533,10782,1,0,0,0,710,-692
2018,6,20,6761,6741,6712,6449,6764,9071,9131,10890,1,0,0,0,711,-691
2018,6,21,6718,6761,6741,6712,6872,9247,9150,11165,1,0,0,0,712,-690
2018,6,22,6045,6718,6761,6741,6530,9750,8170,11579,1,0,0,0,713,-689
2018,6,23,6149,6045,6718,6761,6292,9713,8240,11699,1,0,0,0,714,-688
2018,6,24,6136,6149,6045,6718,6635,9864,8260,13550,1,0,0,0,715,-687
2018,6,25,6252,6136,6149,6045,6388,9659,7824,16599,1,0,0,0,716,-686
2018,6,26,6070,6252,6136,6149,6483,9365,8189,15880,1,0,0,0,717,-685
2018,6,27,6133,6070,6252,6136,6449,9187,8600,14656,1,0,0,0,718,-684
2018,6,28,5853,6133,6070,6252,6712,9310,8909,14899,1,0,0,0,719,-683
2018,6,29,6197,5853,6133,6070,6741,9002,8885,16587,1,0,0,0,720,-682
2018,6,30,6390,6197,5853,6133,6761,8400,8722,16349,1,0,0,0,721,-681
2018,7,1,6356,6390,6197,5853,6718,8465,8898,16033,1,0,0,0,722,-680
2018,7,2,6615,6356,6390,6197,6045,8679,8546,16334,1,0,0,0,723,-679
2018,7,3,6513,6615,6356,6390,6149,8663,8470,17539,1,0,0,0,724,-678
2018,7,4,6586,6513,6615,6356,6136,8462,8134,19102,1,0,0,0,725,-677
2018,7,5,6529,6586,6513,6615,6252,8330,7795,18860,1,0,0,0,726,-676
2018,7,6,6609,6529,6586,6513,6070,8041,7949,18856,1,0,0,0,727,-675
2018,7,7,6756,6609,6529,6586,6133,8239,7090,17295,1,0,0,0,728,-674
2018,7,8,6712,6756,6609,6529,5853,8233,6840,16488,1,0,0,0,729,-673
2018,7,9,6662,6712,6756,6609,6197,8526,6923,15492,1,0,0,0,730,-672
2018,7,10,6296,6662,6712,6756,6390,8381,6813,13326,1,0,0,0,731,-671
2018,7,11,6378,6296,6662,6712,6356,7977,7056,13300,1,0,0,0,732,-670
2018,7,12,6250,6378,6296,6662,6615,7501,7405,13500,1,0,0,0,733,-669
2018,7,13,6214,6250,6378,6296,6513,7575,6796,13699,1,0,0,0,734,-668
2018,7,14,6251,6214,6250,6378,6586,7457,6770,15689,1,0,0,0,735,-667
2018,7,15,6353,6251,6214,6250,6529,7333,6601,15459,1,0,0,0,736,-666
2018,7,16,6723,6353,6251,6214,6609,7338,6895,14182,1,0,0,0,737,-665
2018,7,17,7317,6723,6353,6251,6756,7099,7018,14378,1,0,0,0,738,-664
2018,7,18,7381,7317,6723,6353,6712,7461,6782,12440,1,0,0,0,739,-663
2018,7,19,7466,7381,7317,6723,6662,7375,6843,13716,1,0,0,0,740,-662
2018,7,20,7337,7466,7381,7317,6296,7485,6953,13380,1,0,0,0,741,-661
2018,7,21,7398,7337,7466,7381,6378,7521,7923,14675,1,0,0,0,742,-660
2018,7,22,7394,7398,7337,7466,6250,7640,7877,14919,1,0,0,0,743,-659
2018,7,23,7721,7394,7398,7337,6214,7714,7999,15059,1,0,0,0,744,-658
2018,7,24,8397,7721,7394,7398,6251,7487,8355,16960,1,0,0,0,745,-657
2018,7,25,8175,8397,7721,7394,6353,7625,8064,17069,1,0,0,0,746,-656
2018,7,26,7920,8175,8397,7721,6723,7658,7885,16150,1,0,0,0,747,-655
2018,7,27,8188,7920,8175,8397,7317,7691,8173,14902,1,0,0,0,748,-654
2018,7,28,8225,8188,7920,8175,7381,7603,8278,14400,1,0,0,0,749,-653
2018,7,29,8211,8225,8188,7920,7466,7491,8856,14907,1,0,0,0,750,-652
2018,7,30,8173,8211,8225,8188,7337,6764,8915,13238,1,0,0,0,751,-651
2018,7,31,7730,8173,8211,8225,7398,6872,8787,13740,1,0,0,0,752,-650
2018,8,1,7604,7730,8173,8211,7394,6530,8934,14210,1,0,0,0,753,-649
2018,8,2,7525,7604,7730,8173,7721,6292,9619,13474,1,0,0,0,754,-648
2018,8,3,7418,7525,7604,7730,8397,6635,8869,13539,1,0,0,0,755,-647
2018,8,4,7009,7418,7525,7604,8175,6388,9266,10900,1,0,0,0,756,-646
2018,8,5,7024,7009,7418,7525,7920,6483,8915,10988,1,0,0,0,757,-645
2018,8,6,6934,7024,7009,7418,8188,6449,9348,10961,1,0,0,0,758,-644
2018,8,7,6720,6934,7024,7009,8225,6712,9419,11474,1,0,0,0,759,-643
2018,8,8,6285,6720,6934,7024,8211,6741,9246,12799,1,0,0,0,760,-642
2018,8,9,6529,6285,6720,6934,8173,6761,9071,11530,1,0,0,0,761,-641
2018,8,10,6144,6529,6285,6720,7730,6718,9247,10760,1,0,0,0,762,-640
2018,8,11,6232,6144,6529,6285,7604,6045,9750,10799,1,0,0,0,763,-639
2018,8,12,6308,6232,6144,6529,7525,6149,9713,11349,1,0,0,0,764,-638
2018,8,13,6246,6308,6232,6144,7418,6136,9864,11175,1,0,0,0,765,-637
2018,8,14,6188,6246,6308,6232,7009,6252,9659,11089,1,0,0,0,766,-636
2018,8,15,6267,6188,6246,6308,7024,6070,9365,11491,1,0,0,0,767,-635
2018,8,16,6311,6267,6188,6246,6934,6133,9187,11879,1,0,0,0,768,-634
2018,8,17,6584,6311,6267,6188,6720,5853,9310,11251,1,0,0,0,769,-633
2018,8,18,6387,6584,6311,6267,6285,6197,9002,10237,1,0,0,0,770,-632
2018,8,19,6477,6387,6584,6311,6529,6390,8400,10285,1,0,0,0,771,-631
2018,8,20,6254,6477,6387,6584,6144,6356,8465,9224,1,0,0,0,772,-630
2018,8,21,6480,6254,6477,6387,6232,6615,8679,8873,1,0,0,0,773,-629
2018,8,22,6360,6480,6254,6477,6308,6513,8663,9199,1,0,0,0,774,-628
2018,8,23,6525,6360,6480,6254,6246,6586,8462,8184,1,0,0,0,775,-627
2018,8,24,6681,6525,6360,6480,6188,6529,8330,6939,1,0,0,0,776,-626
2018,8,25,6733,6681,6525,6360,6267,6609,8041,7652,1,0,0,0,777,-625
2018,8,26,6700,6733,6681,6525,6311,6756,8239,7599,1,0,0,0,778,-624
2018,8,27,6908,6700,6733,6681,6584,6712,8233,7784,1,0,0,0,779,-623
2018,8,28,7076,6908,6700,6733,6387,6662,8526,8683,1,0,0,0,780,-622
2018,8,29,7031,7076,6908,6700,6477,6296,8381,8533,1,0,0,0,781,-621
2018,8,30,6984,7031,7076,6908,6254,6378,7977,8063,1,0,0,0,782,-620
2018,8,31,7011,6984,7031,7076,6480,6250,7501,8903,1,0,0,0,783,-619
2018,9,1,7200,7011,6984,7031,6360,6214,7575,8539,1,0,0,0,784,-618
2018,9,2,7302,7200,7011,6984,6525,6251,7457,9449,1,0,0,0,785,-617
2018,9,3,7263,7302,7200,7011,6681,6353,7333,10000,1,0,0,0,786,-616
2018,9,4,7359,7263,7302,7200,6733,6723,7338,10159,1,0,0,0,787,-615
2018,9,5,6700,7359,7263,7302,6700,7317,7099,11039,1,0,0,0,788,-614
2018,9,6,6516,6700,7359,7263,6908,7381,7461,10383,1,0,0,0,789,-613
2018,9,7,6395,6516,6700,7359,7076,7466,7375,11153,1,0,0,0,790,-612
2018,9,8,6185,6395,6516,6700,7031,7337,7485,11200,1,0,0,0,791,-611
2018,9,9,6250,6185,6395,6516,6984,7398,7521,10437,1,0,0,0,792,-610
2018,9,10,6312,6250,6185,6395,7011,7394,7640,9811,1,0,0,0,793,-609
2018,9,11,6294,6312,6250,6185,7200,7721,7714,10131,1,0,0,0,794,-608
2018,9,12,6338,6294,6312,6250,7302,8397,7487,9694,1,0,0,0,795,-607
2018,9,13,6487,6338,6294,6312,7263,8175,7625,9590,1,0,0,0,796,-606
2018,9,14,6476,6487,6338,6294,7359,7920,7658,10324,1,0,0,0,797,-605
2018,9,15,6514,6476,6487,6338,6700,8188,7691,10569,1,0,0,0,798,-604
2018,9,16,6505,6514,6476,6487,6516,8225,7603,10326,1,0,0,0,799,-603
2018,9,17,6248,6505,6514,6476,6395,8211,7491,10920,1,0,0,0,800,-602
2018,9,18,6336,6248,6505,6514,6185,8173,6764,11039,1,0,0,0,801,-601
2018,9,19,6391,6336,6248,6505,6250,7730,6872,11464,1,0,0,0,802,-600
2018,9,20,6492,6391,6336,6248,6312,7604,6530,11515,1,0,0,0,803,-599
2018,9,21,6759,6492,6391,6336,6294,7525,6292,11454,1,0,0,0,804,-598
2018,9,22,6723,6759,6492,6391,6338,7418,6635,10716,1,0,0,0,805,-597
2018,9,23,6708,6723,6759,6492,6487,7009,6388,9910,1,0,0,0,806,-596
2018,9,24,6581,6708,6723,6759,6476,7024,6483,9271,1,0,0,0,807,-595
2018,9,25,6447,6581,6708,6723,6514,6934,6449,9227,1,0,0,0,808,-594
2018,9,26,6465,6447,6581,6708,6505,6720,6712,8770,1,0,0,0,809,-593
2018,9,27,6689,6465,6447,6581,6248,6285,6741,9533,1,0,0,0,810,-592
2018,9,28,6634,6689,6465,6447,6336,6529,6761,9131,1,0,0,0,811,-591
2018,9,29,6596,6634,6689,6465,6391,6144,6718,9150,1,0,0,0,812,-590
2018,9,30,6626,6596,6634,6689,6492,6232,6045,8170,1,0,0,0,813,-589
2018,10,1,6611,6626,6596,6634,6759,6308,6149,8240,1,0,0,0,814,-588
2018,10,2,6525,6611,6626,6596,6723,6246,6136,8260,1,0,0,0,815,-587
2018,10,3,6510,6525,6611,6626,6708,6188,6252,7824,1,0,0,0,816,-586
2018,10,4,6593,6510,6525,6611,6581,6267,6070,8189,1,0,0,0,817,-585
2018,10,5,6635,6593,6510,6525,6447,6311,6133,8600,1,0,0,0,818,-584
2018,10,6,6594,6635,6593,6510,6465,6584,5853,8909,1,0,0,0,819,-583
2018,10,7,6615,6594,6635,6593,6689,6387,6197,8885,1,0,0,0,820,-582
2018,10,8,6673,6615,6594,6635,6634,6477,6390,8722,1,0,0,0,821,-581
2018,10,9,6656,6673,6615,6594,6596,6254,6356,8898,1,0,0,0,822,-580
2018,10,10,6631,6656,6673,6615,6626,6480,6615,8546,1,0,0,0,823,-579
2018,10,11,6252,6631,6656,6673,6611,6360,6513,8470,1,0,0,0,824,-578
2018,10,12,6298,6252,6631,6656,6525,6525,6586,8134,1,0,0,0,825,-577
2018,10,13,6332,6298,6252,6631,6510,6681,6529,7795,1,0,0,0,826,-576
2018,10,14,6339,6332,6298,6252,6593,6733,6609,7949,1,0,0,0,827,-575
2018,10,15,6752,6339,6332,6298,6635,6700,6756,7090,1,0,0,0,828,-574
2018,10,16,6759,6752,6339,6332,6594,6908,6712,6840,1,0,0,0,829,-573
2018,10,17,6740,6759,6752,6339,6615,7076,6662,6923,1,0,0,0,830,-572
2018,10,18,6618,6740,6759,6752,6673,7031,6296,6813,1,0,0,0,831,-571
2018,10,19,6528,6618,6740,6759,6656,6984,6378,7056,1,0,0,0,832,-570
2018,10,20,6588,6528,6618,6740,6631,7011,6250,7405,1,0,0,0,833,-569
2018,10,21,6590,6588,6528,6618,6252,7200,6214,6796,1,0,0,0,834,-568
2018,10,22,6581,6590,6588,6528,6298,7302,6251,6770,1,0,0,0,835,-567
2018,10,23,6553,6581,6590,6588,6332,7263,6353,6601,1,0,0,0,836,-566
2018,10,24,6565,6553,6581,6590,6339,7359,6723,6895,1,0,0,0,837,-565
2018,10,25,6528,6565,6553,6581,6752,6700,7317,7018,1,0,0,0,838,-564
2018,10,26,6538,6528,6565,6553,6759,6516,7381,6782,1,0,0,0,839,-563
2018,10,27,6505,6538,6528,6565,6740,6395,7466,6843,1,0,0,0,840,-562
2018,10,28,6489,6505,6538,6528,6618,6185,7337,6953,1,0,0,0,841,-561
2018,10,29,6344,6489,6505,6538,6528,6250,7398,7923,1,0,0,0,842,-560
2018,10,30,6330,6344,6489,6505,6588,6312,7394,7877,1,0,0,0,843,-559
2018,10,31,6371,6330,6344,6489,6590,6294,7721,7999,1,0,0,0,844,-558
2018,11,1,6410,6371,6330,6344,6581,6338,8397,8355,1,0,0,0,845,-557
2018,11,2,6433,6410,6371,6330,6553,6487,8175,8064,1,0,0,0,846,-556
2018,11,3,6387,6433,6410,6371,6565,6476,7920,7885,1,0,0,0,847,-555
2018,11,4,6485,6387,6433,6410,6528,6514,8188,8173,1,0,0,0,848,-554
2018,11,5,6468,6485,6387,6433,6538,6505,8225,8278,1,0,0,0,849,-553
2018,11,6,6519,6468,6485,6387,6505,6248,8211,8856,1,0,0,0,850,-552
2018,11,7,6578,6519,6468,6485,6489,6336,8173,8915,1,0,0,0,851,-551
2018,11,8,6479,6578,6519,6468,6344,6391,7730,8787,1,0,0,0,852,-550
2018,11,9,6419,6479,6578,6519,6330,6492,7604,8934,1,0,0,0,853,-549
2018,11,10,6433,6419,6479,6578,6371,6759,7525,9619,1,0,0,0,854,-548
2018,11,11,6449,6433,6419,6479,6410,6723,7418,8869,1,0,0,0,855,-547
2018,11,12,6453,6449,6433,6419,6433,6708,7009,9266,1,0,0,0,856,-546
2018,11,13,6457,6453,6449,6433,6387,6581,7024,8915,1,0,0,0,857,-545
2018,11,14,5922,6457,6453,6449,6485,6447,6934,9348,1,0,0,0,858,-544
2018,11,15,5753,5922,6457,6453,6468,6465,6720,9419,1,0,0,0,859,-543
2018,11,16,5655,5753,5922,6457,6519,6689,6285,9246,1,0,0,0,860,-542
2018,11,17,5628,5655,5753,5922,6578,6634,6529,9071,1,0,0,0,861,-541
2018,11,18,5662,5628,5655,5753,6479,6596,6144,9247,1,0,0,0,862,-540
2018,11,19,4910,5662,5628,5655,6419,6626,6232,9750,1,0,0,0,863,-539
2018,11,20,4558,4910,5662,5628,6433,6611,6308,9713,1,0,0,0,864,-538
2018,11,21,4661,4558,4910,5662,6449,6525,6246,9864,1,0,0,0,865,-537
2018,11,22,4370,4661,4558,4910,6453,6510,6188,9659,1,0,0,0,866,-536
2018,11,23,4420,4370,4661,4558,6457,6593,6267,9365,1,0,0,0,867,-535
2018,11,24,3932,4420,4370,4661,5922,6635,6311,9187,1,0,0,0,868,-534
2018,11,25,4085,3932,4420,4370,5753,6594,6584,9310,1,0,0,0,869,-533
2018,11,26,3862,4085,3932,4420,5655,6615,6387,9002,1,0,0,0,870,-532
2018,11,27,3875,3862,4085,3932,5628,6673,6477,8400,1,0,0,0,871,-531
2018,11,28,4264,3875,3862,4085,5662,6656,6254,8465,1,0,0,0,872,-530
2018,11,29,4295,4264,3875,3862,4910,6631,6480,8679,1,0,0,0,873,-529
2018,11,30,4041,4295,4264,3875,4558,6252,6360,8663,1,0,0,0,874,-528
2018,12,1,4190,4041,4295,4264,4661,6298,6525,8462,1,0,0,0,875,-527
2018,12,2,4161,4190,4041,4295,4370,6332,6681,8330,1,0,0,0,876,-526
2018,12,3,3884,4161,4190,4041,4420,6339,6733,8041,1,0,0,0,877,-525
2018,12,4,3951,3884,4161,4190,3932,6752,6700,8239,1,0,0,0,878,-524
2018,12,5,3769,3951,3884,4161,4085,6759,6908,8233,1,0,0,0,879,-523
2018,12,6,3508,3769,3951,3884,3862,6740,7076,8526,1,0,0,0,880,-522
2018,12,7,3403,3508,3769,3951,3875,6618,7031,8381,1,0,0,0,881,-521
2018,12,8,3410,3403,3508,3769,4264,6528,6984,7977,1,0,0,0,882,-520
2018,12,9,3545,3410,3403,3508,4295,6588,7011,7501,1,0,0,0,883,-519
2018,12,10,3432,3545,3410,3403,4041,6590,7200,7575,1,0,0,0,884,-518
2018,12,11,3380,3432,3545,3410,4190,6581,7302,7457,1,0,0,0,885,-517
2018,12,12,3445,3380,3432,3545,4161,6553,7263,7333,1,0,0,0,886,-516
2018,12,13,3302,3445,3380,3432,3884,6565,7359,7338,1,0,0,0,887,-515
2018,12,14,3224,3302,3445,3380,3951,6528,6700,7099,1,0,0,0,888,-514
2018,12,15,3211,3224,3302,3445,3769,6538,6516,7461,1,0,0,0,889,-513
2018,12,16,3228,3211,3224,3302,3508,6505,6395,7375,1,0,0,0,890,-512
2018,12,17,3509,3228,3211,3224,3403,6489,6185,7485,1,0,0,0,891,-511
2018,12,18,3652,3509,3228,3211,3410,6344,6250,7521,1,0,0,0,892,-510
2018,12,19,3662,3652,3509,3228,3545,6330,6312,7640,1,0,0,0,893,-509
2018,12,20,4049,3662,3652,3509,3432,6371,6294,7714,1,0,0,0,894,-508
2018,12,21,3838,4049,3662,3652,3380,6410,6338,7487,1,0,0,0,895,-507
2018,12,22,3948,3838,4049,3662,3445,6433,6487,7625,1,0,0,0,896,-506
2018,12,23,3929,3948,3838,4049,3302,6387,6476,7658,1,0,0,0,897,-505
