prediction_0,prediction_1,prediction_2,prediction_3,prediction_4,prediction_5,prediction_6,prediction_7,prediction_8,prediction_9,prediction_10,prediction_11,prediction_12,prediction_13,prediction_14,prediction_15,prediction_16,prediction_17,prediction_18,prediction_19,prediction_20,prediction_21,prediction_22,prediction_23,prediction_24,prediction_25,prediction_26,prediction_27,prediction_28,prediction_29
4285,4285,4285,4285,4285,4285,4285,4285,4285,4285,4285,4285,4285,4285,4285,4285,4285,4285,4285,4285,4285,4285,4285,4285,4285,4285,4285,4285,4285,4285
4108,4108,4108,4108,4108,4108,4108,4108,4108,4108,4108,4108,4108,4284,4284,4284,4284,4284,4284,4284,4284,4284,4284,4284,4284,4284,4284,4284,4284,4284
4137,4137,4137,4137,4137,4137,4137,4137,4137,4137,4137,4137,4284,4284,4284,4284,4284,4284,4284,4284,4284,4284,4284,4284,4284,4284,4284,4284,4284,4122
4133,4133,4133,4133,4133,4133,4133,4133,4133,4133,4133,4284,4250,4250,4250,4250,4250,4250,4250,4250,4250,4250,4250,4250,4250,4250,4250,4250,4108,4135
4026,4026,4026,4026,4026,4026,4026,4026,4026,4026,4284,4235,4234,4234,4234,4234,4234,4234,4234,4234,4234,4234,4234,4234,4234,4234,4234,4122,4139,4077
4037,4037,4037,4037,4037,4037,4037,4037,4037,4284,4248,4240,4241,4241,4241,4241,4241,4241,4241,4241,4241,4241,4241,4241,4241,4241,4111,4137,4093,4029
4096,4070,4050,4110,4096,4070,4050,4110,4269,4202,4186,4186,4186,4186,4186,4186,4186,4186,4186,4186,4186,4186,4186,4186,4186,4088,4113,4090,4067,4050
4240,4236,4231,4231,4231,4231,4231,4206,4206,4206,4206,4206,4206,4206,4206,4206,4206,4206,4206,4206,4206,4206,4206,4206,4089,4092,4089,4039,4054,4134
4210,4213,4211,4211,4211,4211,4166,4166,4166,4166,4166,4166,4166,4166,4166,4166,4166,4166,4166,4166,4166,4166,4166,4066,4067,4088,4103,4099,4099,4189
4308,4308,4308,4308,4308,4164,4165,4165,4162,4162,4162,4162,4162,4162,4162,4162,4162,4162,4162,4162,4162,4162,4061,4058,4073,4112,4149,4176,4180,4227
4308,4309,4309,4309,4198,4211,4209,4208,4208,4208,4208,4208,4208,4208,4208,4208,4208,4208,4208,4208,4208,4087,4068,4049,4030,4120,4181,4287,4248,4318
4348,4354,4354,4199,4220,4219,4203,4203,4203,4203,4203,4203,4203,4203,4203,4203,4203,4203,4203,4203,4076,4064,4044,4046,4120,4166,4287,4263,4313,4330
4547,4547,4207,4216,4212,4205,4205,4205,4205,4205,4205,4205,4205,4205,4205,4205,4205,4205,4205,4078,4049,4048,4068,4123,4161,4297,4252,4289,4321,4406
4559,4211,4211,4207,4186,4186,4186,4186,4186,4186,4186,4186,4186,4186,4186,4186,4186,4186,4052,4033,4030,4075,4156,4193,4277,4201,4270,4299,4408,4546
4219,4227,4222,4198,4198,4198,4198,4198,4198,4198,4198,4198,4198,4198,4198,4198,4198,4055,4029,4032,4081,4169,4206,4283,4212,4269,4290,4379,4556,4583
4781,4781,4781,4781,4781,4781,4781,4781,4781,4781,4781,4781,4781,4781,4781,4781,4699,4697,4692,4678,4710,4715,4780,4801,4818,4829,4884,4926,4938,4781
4634,4567,4636,4627,4627,4627,4627,4627,4627,4627,4627,4627,4627,4627,4627,4582,4591,4580,4579,4596,4597,4633,4639,4653,4658,4675,4698,4717,4779,4627
4534,4532,4532,4532,4532,4532,4532,4532,4532,4532,4532,4532,4532,4532,4527,4528,4529,4518,4517,4531,4545,4544,4548,4559,4611,4661,4661,4762,4578,4571
4161,4117,4128,4116,4127,4127,4127,4127,4127,4128,4135,4128,4128,4071,4044,4047,4075,4120,4156,4259,4223,4232,4246,4309,4339,4410,4561,4511,4522,4302
4155,4182,4167,4126,4125,4121,4128,4128,4113,4124,4123,4129,4071,4052,4048,4079,4128,4156,4254,4223,4225,4237,4291,4317,4340,4394,4329,4270,4181,4149
4585,4681,4704,4688,4690,4690,4690,4656,4690,4690,4690,4686,4693,4690,4681,4686,4709,4715,4713,4715,4723,4740,4744,4714,4665,4582,4672,4646,4675,4690
4732,4745,4720,4693,4718,4745,4686,4720,4718,4745,4740,4716,4686,4702,4734,4756,4739,4710,4711,4743,4779,4757,4728,4732,4606,4602,4631,4745,4755,4720
4267,4235,4150,4146,4146,4163,4152,4143,4143,4045,4080,4087,4097,4118,4121,4238,4240,4253,4244,4281,4279,4272,4355,4305,4240,4259,4263,4258,4265,4128
4207,4198,4225,4225,4242,4230,4196,4196,4174,4205,4200,4193,4210,4228,4320,4329,4389,4536,4585,4717,4692,4702,4543,4456,4455,4558,4609,4630,4447,4359
4119,4128,4132,4129,4133,4125,4125,4079,4090,4094,4118,4148,4171,4279,4272,4283,4273,4345,4416,4534,4511,4550,4565,4657,4729,4625,4616,4411,4465,4418
4164,4158,4095,4162,4164,4158,4073,4083,4087,4100,4138,4161,4263,4254,4257,4256,4303,4291,4337,4483,4445,4473,4501,4561,4712,4671,4517,4404,4478,4461
4161,4120,4175,4167,4160,4084,4087,4096,4099,4112,4159,4272,4264,4273,4272,4326,4358,4457,4531,4432,4548,4451,4612,4671,4654,4476,4453,4438,4375,4476
4147,4069,4079,4054,4084,4095,4101,4104,4113,4143,4200,4194,4209,4224,4250,4250,4238,4241,4167,4165,4166,4226,4241,4193,4049,4098,4113,4151,4113,4057
3298,3272,3272,3268,3268,3263,3261,3259,3263,3266,3266,3266,3266,3270,3270,3269,3267,3226,3226,3226,3280,3284,3283,3273,3273,3278,3278,3274,3274,3274
3658,3658,3625,3625,3625,3625,3625,3637,3650,3645,3661,3660,3670,3670,3670,3530,3441,3441,3444,3491,3491,3439,3418,3396,3399,3399,3408,3399,3387,3627
3733,3733,3732,3735,3734,3739,3757,3779,3774,3781,3781,3793,3794,3794,3610,3488,3490,3479,3520,3520,3468,3442,3414,3413,3412,3426,3419,3341,3734,3743
3701,3713,3710,3710,3724,3754,3788,3787,3789,3788,3802,3803,3800,3556,3489,3489,3476,3506,3507,3455,3410,3391,3390,3387,3403,3390,3287,3708,3712,3706
3889,3872,3875,3905,3934,3946,3945,3944,3932,3949,3944,3951,3541,3537,3525,3544,3572,3574,3520,3475,3497,3495,3495,3499,3471,3376,3722,3703,3830,3882
3889,3888,3916,3939,3951,3951,3946,3945,3954,3959,3958,3566,3602,3618,3637,3664,3661,3612,3558,3573,3573,3578,3578,3564,3417,3756,3686,3850,3916,3897
3905,3922,3921,3938,3933,3935,3935,3946,3946,3943,3596,3628,3630,3633,3658,3658,3609,3546,3553,3553,3547,3559,3546,3415,3740,3706,3805,3935,3898,3882
3847,3783,3790,3763,3770,3767,3774,3774,3773,3670,3641,3638,3671,3695,3693,3639,3549,3560,3559,3567,3563,3548,3511,3730,3662,3773,3772,3756,3724,3715
3711,3785,3718,3718,3618,3691,3704,3806,3697,3653,3595,3700,3688,3680,3692,3602,3623,3615,3617,3619,3605,3534,3730,3637,3688,3711,3805,3715,3692,3643
3860,3865,3795,3795,3800,3811,3808,3666,3651,3648,3717,3675,3714,3600,3632,3569,3667,3651,3650,3629,3532,3856,3779,3754,3788,3752,3753,3738,3731,3782
3772,3642,3774,3636,3774,3641,3835,3558,3676,3623,3668,3668,3672,3579,3615,3580,3621,3579,3603,3529,3786,3641,3730,3666,3784,3659,3777,3642,3780,3638
3778,3734,3677,3838,3744,3734,3617,3700,3651,3723,3641,3713,3555,3696,3658,3658,3633,3600,3567,3794,3642,3760,3677,3819,3671,3766,3633,3790,3661,3891
3805,3762,3841,3831,3737,3628,3658,3686,3671,3673,3682,3570,3623,3560,3621,3551,3590,3527,3759,3652,3704,3767,3720,3768,3699,3767,3744,3777,3856,3848
4013,4012,3925,3701,3675,3618,3711,3700,3663,3723,3598,3709,3621,3634,3665,3611,3521,3812,3688,3766,3773,3775,3735,3726,3727,3742,3786,3906,3951,4018
4161,4096,3755,3598,3638,3652,3709,3680,3743,3640,3716,3479,3678,3608,3640,3579,3749,3678,3739,3687,3830,3666,3796,3636,3785,3695,3926,3913,4097,4033
4096,3738,3575,3566,3729,3559,3721,3603,3614,3576,3540,3569,3630,3572,3521,3816,3625,3838,3776,3823,3820,3837,3813,3838,3845,3885,4082,4061,4071,3944
4298,4083,3765,3537,3620,3684,3741,3571,3725,3634,3753,3462,3615,3544,3835,3707,3715,3666,3834,3675,3795,3657,3828,3724,3887,3949,3970,4026,4016,4072
4376,4343,4318,4369,4402,4316,4196,4121,3961,3517,3622,3591,3723,3761,3787,3727,3724,3709,3741,3719,3886,3842,3758,3814,3898,3984,3979,3958,3967,3967
4314,4260,4208,4172,3999,3389,3552,3622,3670,3616,3618,3614,3779,3687,3788,3714,3846,3733,3718,3725,3779,3810,3936,3962,3978,3964,3989,3994,3994,3573
4326,4367,4339,4285,4126,3994,3504,3533,3570,3651,3625,3774,3715,3756,3750,3674,3779,3668,3910,3754,3906,3866,3906,3913,3961,3991,3951,4015,3547,3591
4144,4065,3800,3427,3479,3592,3622,3605,3640,3589,3803,3661,3767,3675,3936,3699,3995,3667,3966,3741,3966,3932,3964,4018,4048,4179,4297,4223,4201,4143
4198,4171,3927,3438,3594,3618,3674,3669,3610,3869,3772,3683,3766,3697,3937,3676,3964,3684,4020,3943,3993,3947,3914,3983,3936,3986,3574,3774,3487,3771
4345,4261,4188,4104,4011,3443,3501,3482,3792,3732,3767,3786,3730,3655,3718,3688,3848,3762,4015,3941,3967,3895,3946,3954,3935,3620,3538,3552,3609,3584
4306,4260,4153,3985,3411,3576,3557,3816,3733,3751,3758,3757,3724,3637,3791,3707,3827,3868,4004,3967,3972,3919,3927,3964,3544,3639,3572,3711,3631,3706
4587,4477,4483,4475,4511,4456,4555,4531,4497,4442,4419,4431,4456,4456,4445,4518,4402,4455,4462,4539,4499,4562,4545,4501,4492,4377,4366,4444,4559,4457
4601,4524,4433,4617,4576,4644,4693,4569,4435,4451,4451,4477,4555,4482,4547,4416,4524,4434,4617,4574,4627,4642,4572,4389,4462,4535,4501,4666,4620,4595
4737,4665,4677,4688,4734,4734,4707,4481,4389,4412,4464,4466,4476,4478,4474,4477,4474,4483,4623,4729,4771,4647,4405,4289,4174,4223,4247,4225,4207,4239
4683,4724,4769,4831,4680,4692,4559,4590,4565,4583,4600,4593,4587,4594,4593,4594,4588,4586,4593,4601,4512,4396,4425,4459,4499,4539,4495,4526,4473,4546
5128,5128,5093,5093,5093,5032,5032,5032,5032,5032,5032,5032,5032,5032,5032,5032,5032,5032,5032,4824,4862,4829,4958,4867,4910,4874,4860,4879,4903,4942
5510,5413,5183,5190,5166,5166,5166,5162,5162,5162,5157,5159,5159,5159,5159,5181,5181,5181,4947,4917,4945,4975,5008,5008,5007,5028,5058,5045,5058,5092
5631,5562,5594,5557,5557,5557,5555,5554,5554,5568,5554,5554,5554,5570,5570,5570,5570,5366,4892,4898,4929,4931,4930,4947,4954,4979,4988,4995,5052,5049
5674,5687,5627,5590,5590,5590,5590,5590,5609,5590,5590,5590,5609,5609,5612,5612,5260,4853,4861,4880,4893,4893,4892,4892,4895,4927,4929,5134,5138,5143
5693,5687,5687,5687,5687,5687,5687,5707,5687,5687,5687,5717,5713,5713,5713,5466,5371,4850,4853,4894,4899,4893,4890,4914,4956,5011,5180,5157,5176,5108
5599,5604,5604,5601,5606,5606,5626,5607,5607,5607,5656,5656,5656,5658,5309,4727,4644,4556,4580,4546,4585,4568,4570,4570,4632,4829,4962,4931,5044,5252
5527,5527,5527,5548,5548,5519,5548,5548,5548,5570,5571,5571,5573,5369,4805,4837,4780,4887,4860,4772,4873,4856,4760,4951,5028,4951,5014,5047,5228,5190
5635,5598,5684,5710,5659,5691,5607,5597,5696,5720,5708,5701,5433,5259,4903,4895,4992,4993,5026,4957,4974,4976,5004,5134,5133,5126,5130,5342,5337,5338
5836,5763,5731,5728,5773,5775,5771,5747,5783,5749,5783,5516,5293,5030,4996,5058,5058,5086,5067,5100,5114,5145,5252,5246,5241,5243,5428,5425,5439,5751
5879,5774,5735,5767,5780,5770,5752,5779,5762,5755,5563,5350,5082,5122,5168,5190,5199,5180,5196,5184,5199,5295,5303,5300,5292,5461,5781,5878,5829,5746
5849,5749,5804,5813,5806,5808,5808,5808,5808,5616,5454,5445,5550,5645,5656,5712,5691,5678,5600,5613,5691,5775,5768,5698,5744,5753,5809,5755,5812,5807
5855,5840,5862,5857,5844,5844,5850,5850,5713,5577,5423,5057,5223,5232,5260,5236,5247,5232,5251,5304,5306,5300,5287,5404,5384,5458,5826,5956,5968,5921
5667,5828,5861,5734,5685,5700,5733,5681,5454,5397,5066,5152,5167,5169,5151,5181,5170,5191,5249,5243,5254,5251,5417,5415,5415,5428,5460,5854,5894,5803
5809,5790,5683,5709,5725,5717,5604,5392,5039,5053,5165,5175,5172,5182,5197,5194,5210,5264,5225,5228,5220,5413,5412,5413,5449,5834,5866,5801,5702,5704
5830,5678,5721,5742,5722,5631,5434,5415,5086,5200,5208,5197,5185,5211,5205,5226,5266,5252,5252,5245,5388,5389,5389,5427,5449,5789,5843,5727,5680,5757
5677,5695,5722,5713,5730,5526,5461,5515,5631,5657,5707,5661,5646,5586,5590,5606,5611,5580,5556,5739,5831,5715,5752,5797,5761,5772,5737,5688,5749,5776
5668,5697,5697,5707,5516,5444,5418,5224,5237,5239,5231,5249,5242,5254,5284,5292,5294,5272,5404,5396,5407,5448,5811,5894,5846,5716,5641,5693,5766,5792
6165,6129,5876,5654,5646,5692,5846,5802,5777,5762,5770,5782,5797,5843,5826,5834,5834,5966,6075,6066,6099,6078,6077,6069,6046,6039,6054,6049,6003,6010
6069,5783,5523,5475,5578,5709,5805,5779,5747,5777,5761,5771,5793,5782,5782,5783,5897,5897,5870,5909,5966,6062,6053,6036,5925,5872,5848,5899,5972,6087
5728,5470,5316,5141,5277,5277,5273,5263,5279,5269,5292,5278,5276,5278,5275,5537,5780,5855,5900,5974,6006,5980,6023,6007,6041,6045,6118,6049,6107,6111
6225,6100,6230,6158,6287,6260,6251,6254,6254,6262,6293,6293,6292,6292,6594,6587,6592,6527,6531,6531,6520,6597,6500,6513,6518,6487,6523,6548,6548,6571
6726,6637,6633,6632,6623,6611,6611,6597,6599,6599,6599,6599,6599,6875,7052,7054,7024,7024,6991,6977,7016,6987,6983,6983,6988,7022,7030,7030,7054,7054
6964,7018,7018,7006,6992,6996,6996,6996,6996,6996,6996,6996,7213,7227,7221,7114,7114,7082,7082,7199,7074,7074,7074,7088,7100,7110,7108,7080,7148,7147
7249,7249,7249,7246,7246,7246,7246,7246,7236,7236,7246,7345,7345,7344,7302,7302,7302,7307,7361,7301,7296,7297,7261,7272,7280,7268,7222,7270,7277,7293
7300,7293,7260,7260,7252,7256,7252,7243,7252,7245,7350,7335,7335,7231,7237,7237,7203,7312,7169,7190,7189,7152,7163,7176,7158,7142,7184,7192,7251,7271
7026,6956,6929,6918,6930,6943,6926,6937,6932,6937,6936,6937,6870,6876,6842,6774,6853,6775,6807,6817,6828,6831,6855,6855,6911,6946,6949,6943,6905,6892
6970,6935,6906,6912,6932,6905,6922,6912,6964,6963,6963,6901,6887,6825,6761,6839,6748,6669,6669,6635,6648,6672,6664,6719,6801,6913,6920,6912,6896,6911
7254,7188,7188,7247,7182,7247,7242,7249,7246,7246,7251,7254,7239,7112,7120,7094,7125,7133,7137,7149,7177,7158,7150,7207,7222,7276,7310,7306,7300,7269
7165,7169,7178,7169,7178,7167,7160,7158,7158,7082,7082,7082,6992,6984,6922,6929,6929,6932,6945,6956,6943,6931,6926,6972,7006,7051,7082,7150,7126,7095
6579,6643,6545,6602,6593,6670,6670,6672,6653,6665,6663,6608,6637,6588,6591,6596,6590,6610,6634,6615,6823,7002,7109,7195,7196,7142,7141,7089,6951,6801
6520,6384,6503,6486,6592,6555,6555,6519,6535,6556,6509,6570,6481,6531,6519,6504,6568,6572,6552,6791,6965,7074,7173,7214,7171,7179,7129,6872,6668,6543
5725,5729,5666,5996,5952,5972,5901,5988,6103,6117,6320,6272,6384,6364,6367,6385,6407,6412,6721,6805,6981,7047,7162,7244,7163,7145,6826,6528,6284,6259
6200,6284,6459,6174,6416,6100,6400,6408,6502,6509,6481,6481,6509,6507,6531,6612,6535,6877,6904,6986,7069,7157,7115,7049,6996,6774,6666,6435,6367,6437
6637,6596,6418,6508,6436,6434,6576,6735,6671,6578,6582,6594,6662,6613,6704,6678,6862,6912,7009,7105,7184,7068,6994,6964,6846,6741,6538,6503,6536,6370
7052,6869,6913,6775,6845,6868,6897,6969,6855,6950,6776,6855,6867,6867,6867,6941,6946,7037,7142,7176,7085,7004,6922,6774,6835,6841,6820,6802,6976,7004
7552,7284,7195,7408,7416,7245,7274,7393,7405,7207,7223,7422,7409,7208,7175,7328,7437,7265,7274,7476,7466,7239,7220,7384,7324,7095,7131,7371,7327,7201
7383,7350,7267,7311,7331,7282,7286,7426,7433,7331,7282,7369,7434,7343,7298,7451,7493,7406,7397,7394,7408,7423,7385,7365,7330,7279,7362,7421,7332,7278
7590,7489,7490,7409,7510,7466,7581,7581,7586,7583,7583,7583,7510,7510,7517,7509,7513,7508,7472,7455,7438,7447,7497,7453,7458,7484,7486,7578,7594,7594
7722,7683,7674,7670,7647,7764,7787,7869,7852,7873,7879,7653,7680,7660,7624,7624,7634,7613,7599,7612,7704,7704,7757,7777,7800,7806,7868,7830,7878,7884
8074,7987,8012,7999,8013,7997,7994,8001,8001,8001,7791,7790,7808,7784,7785,7781,7760,7791,7817,7869,7909,7905,7927,7922,7917,7982,7985,7985,7991,8007
7989,8067,8101,8059,8052,8052,8055,8055,8051,7766,7737,7745,7737,7726,7711,7703,7731,7744,7825,7845,7845,7902,7895,7875,7959,7958,7971,8015,8034,8031
8128,8201,8119,8061,8061,8062,8057,8057,7797,7735,7742,7746,7744,7744,7744,7787,7794,7873,7872,7866,7902,7876,7878,7887,7904,7924,7971,8000,7991,7989
8096,8072,8030,8001,8004,8008,8008,7627,7602,7632,7623,7621,7619,7618,7662,7682,7711,7759,7761,7818,7794,7792,7894,7899,7938,8011,8029,8019,8013,8004
8041,8006,7973,7978,7978,7978,7954,7930,7937,7923,7921,7921,7920,7983,7979,7988,7994,7994,8011,7978,7963,7951,7949,7967,7985,7993,7987,7986,7969,7973
8246,8269,8317,8317,8315,7983,8073,7963,8016,8013,7977,7979,8092,8163,8303,8307,8313,8279,8413,8407,8402,8240,8243,8243,8294,8291,8349,8310,8317,8317
9004,8839,8839,8839,8777,8777,8777,8752,8749,8749,8749,8857,8857,8857,8862,8870,8678,8489,8492,8550,8540,8544,8564,8566,8552,8367,8405,8429,8495,8501
9494,9494,9494,8756,8638,8340,8340,8335,8334,8407,8407,8407,8466,8470,8468,8495,8499,8500,8495,8446,8455,8451,8482,8463,8458,8602,8745,9330,9494,9494
9698,9698,8910,8453,8348,8304,8291,8282,8270,8269,8264,8264,8377,8380,8464,8445,8460,8452,8450,8453,8450,8468,8444,8396,8522,8534,8977,9213,9591,9614
9752,8619,8060,7935,7759,7766,7814,7817,7826,7823,7817,7934,7934,7969,7966,7964,8087,8180,8161,8202,8175,8125,8165,8206,8234,8956,9281,9725,9755,9717
8527,8289,8294,8301,8302,8254,8284,8283,8282,8281,8441,8443,8528,8439,8441,8601,8584,8603,8608,8601,8559,8587,8656,8824,9369,9637,9808,9738,9718,9723
10467,10478,10466,10497,10486,10486,10501,10501,10501,10501,10501,10536,10477,10484,10647,10648,10648,10683,10692,10689,10656,10656,10656,10815,10812,10901,10810,10757,10757,10757
10697,10730,10755,10755,10755,10757,10762,10762,10762,10762,10695,10722,10728,10884,10782,10787,10787,10791,10764,10583,10579,10574,10571,10516,10631,10537,10468,10472,10475,9222
10998,11005,11005,10988,10970,10963,10963,10962,10962,10814,10896,10948,11107,11096,10975,10981,11005,10935,10629,10558,10563,10567,10516,10736,10542,10531,10535,10535,9249,9139
11431,11431,11431,11431,11421,11421,11426,11439,11355,11455,11439,11594,11594,11516,11515,11532,11516,11213,11213,11213,11215,11210,11381,11227,11221,11224,11224,9887,9346,9325
11566,11512,11502,11476,11476,11479,11479,11379,11488,11471,11474,11323,11292,11292,11302,11293,11174,11174,11174,11172,11172,11286,11190,11158,11088,11092,9942,9468,9577,9535
13150,13151,13154,13154,13154,13159,13144,13146,13156,13233,13194,13196,13195,13221,13207,13215,13200,13208,13213,13187,13192,13201,13161,13177,13177,11764,11756,11826,11821,11823
15544,15565,15565,15561,15561,15531,15568,15570,15570,15543,15543,15497,15543,15539,15488,15484,15483,15465,15465,15493,15501,15501,15501,15506,13694,13693,13761,13780,13849,13903
15958,15958,15861,15861,15844,15892,15975,15975,15852,15848,15848,15860,15860,15860,15860,15860,15908,15908,15926,15922,15922,15922,15922,14529,14503,14509,14496,14474,14487,14530
14995,14995,14995,15122,14995,14995,14995,14956,14956,14956,14956,14956,14916,14916,14916,14916,14916,14925,14925,14925,14925,14925,14501,14501,14506,14506,14459,14502,14565,14062
14928,14928,14863,14751,14779,14779,14669,14846,14806,14846,14846,14793,14793,14793,14793,14793,14831,14831,14831,14831,14831,14262,14319,14286,14364,14311,14320,14537,13789,13512
15916,15219,15316,16181,15784,15111,16269,15872,15382,16269,15798,15385,16204,15807,15376,16247,15828,15416,16227,15830,13738,14146,14054,14132,14287,14287,14351,14047,14044,14206
15171,15391,16278,16035,15152,15497,16281,16038,15254,15485,16232,15990,15235,15478,16270,16000,15246,15489,16243,14474,13524,12690,12520,12627,12650,12935,12718,12726,12779,12902
15705,15796,16114,16045,15675,15710,16005,15961,15611,15646,15952,15930,15623,15712,15948,15913,15615,15655,14809,14173,14400,14450,14356,14352,14410,14129,14125,14133,14258,14260
16189,16189,16244,15956,15918,15918,15915,15879,15872,16155,16147,15864,15930,16167,15872,15882,16176,14437,13798,14215,13795,13942,13968,14025,13681,13705,13746,13821,13811,13797
16938,16263,16203,16646,16639,16194,16114,16548,16595,16335,16451,16594,16330,16399,16581,16321,14979,14801,14791,14839,14762,14754,14774,14584,14714,14691,14545,14823,14716,14509
17878,17693,17699,17699,17699,17705,17705,17705,17705,17705,17705,17705,17705,17705,17705,15653,14033,14629,14654,14519,14510,14532,14535,14588,14595,14601,14543,14543,14688,14653
18206,18206,18209,18209,18188,18180,18180,18180,18185,18226,18198,18198,18198,18198,15681,14034,14052,14125,14219,14504,14498,14396,14441,14435,14530,14565,14558,14625,14852,15224
18528,18528,18526,18530,18530,18530,18530,18542,18559,18567,18567,18567,18564,13711,12185,11156,9852,9802,9822,9851,9760,9796,9796,9828,9808,9388,9002,8898,8998,8994
17116,17116,17066,17066,17066,17066,17066,17111,17086,17086,17086,17086,13504,11624,10463,10089,10219,10189,10214,10110,10115,10085,10213,9995,9515,9291,9441,9745,9959,9973
16181,16062,16298,16317,16317,16322,16357,16414,16381,16372,16372,13082,11482,10388,10069,10174,10146,10196,10181,10185,10174,10231,9597,9119,9003,9021,9328,9428,9428,9440
15332,15546,15550,15546,15546,15735,15597,15588,15588,15616,12510,11202,10066,9987,10073,10080,10084,10029,10097,10080,10198,9599,9131,9092,9043,9347,9431,9431,9406,9406
12987,13071,12966,13005,13273,13052,13045,13084,13084,10765,9904,9919,9897,10181,10353,10414,10260,10314,10301,9686,9593,9369,9276,9297,9631,9600,9600,9568,9568,9547
12765,12838,12869,13116,12852,12840,12828,12837,10953,9902,9803,9799,10051,10254,10274,10178,10232,10228,9648,9188,9209,9133,9254,9500,9346,9346,9346,9346,9272,9276
13492,13425,13534,13556,13833,13761,13866,11838,10026,9458,9164,9345,9292,9289,9215,9334,9331,9520,9059,8921,8938,9225,9393,9391,9391,9391,9397,9399,9396,9396
14095,14290,14288,14273,14013,14133,13340,12326,12154,12207,12248,12347,12420,12435,12463,12439,12497,12495,12490,12457,12546,12545,12473,12368,12073,12047,11824,11821,11892,11996
14361,14423,14506,15256,15270,13822,13760,14004,13114,12479,12494,12530,12580,12623,12625,12716,12706,12718,12673,12703,12716,12535,12351,11969,11752,11775,11811,11984,12129,12385
14513,14567,15519,15378,13550,13595,13915,13382,12553,12676,12564,12555,12625,12617,12760,12711,12725,12689,12698,12795,12459,12410,12005,12011,11638,9996,9454,9506,9810,9906
14476,15150,15112,13521,13036,13018,12078,12164,12151,12412,12360,12452,12447,12506,12481,12501,12454,12541,12682,12501,12506,12190,12197,11803,11837,12051,12145,12405,12409,12430
15106,15079,13272,12840,12686,12042,12119,12094,12422,12453,12465,12436,12533,12535,12553,12480,12546,12632,12483,12454,12119,12129,11629,9865,9335,9335,9634,9668,9791,9778
12154,12374,12284,12389,11680,9824,9357,9206,9279,9319,9306,9227,9215,9222,9165,8696,8638,8622,8626,8630,8630,8716,8900,8900,8989,9263,9414,9454,9459,9455
13158,12655,12416,11647,10336,9612,9421,9514,9560,9561,9514,9497,9508,9350,8944,9276,9380,9384,9384,9403,9474,9474,9481,9548,9883,10046,10069,10069,10069,10069
13391,13133,12547,12137,12103,12504,12986,12838,12907,12729,12591,12729,12869,12869,13180,13178,13182,13117,13131,13131,13131,13230,13321,13458,13522,14417,14188,14413,13722,14026
13844,14104,13632,13820,14138,14337,14257,14327,14306,14278,14423,14221,14465,14545,14602,14481,14326,14513,14174,14487,14353,14645,14608,14716,14724,14352,14450,13569,13923,14366
14102,14622,14602,14857,15222,15098,15070,15120,15159,15188,15201,15216,15550,14867,15043,15343,15143,15148,15105,15267,15284,15367,15367,15400,15111,14627,14567,14744,14937,15227
14677,14676,15045,15353,15189,15282,15369,15343,15386,15374,15354,15705,15359,15297,15428,15409,15409,15371,15453,15464,15477,15366,15364,15189,14727,14671,14722,15089,15143,15132
15845,15373,16033,16134,16303,16285,16389,16475,16315,16550,16956,16291,15846,15555,15392,15692,15591,15325,15748,15713,15759,15788,15582,14834,15083,15015,15998,15847,16206,16402
16560,16124,16147,16520,16493,16221,16289,16518,16751,16793,16341,16211,16216,16512,16260,15692,15722,15934,16072,16116,15973,15607,14927,14811,14964,16534,17023,17055,16966,16877
15854,16156,16548,16459,16086,16219,16588,16548,16302,15935,16233,16645,16646,15722,14988,15397,16321,16188,16049,16031,15746,15303,14997,15095,16594,16819,16383,16058,16018,16802
15581,16152,15930,16009,16065,16097,16299,16312,16193,16082,16073,15991,16001,15658,15721,15740,15716,15745,15745,15595,14706,14344,14857,15828,16635,16808,16338,15974,15886,16384
15618,15403,16049,16005,15851,15750,15679,15389,15560,15476,15467,15524,15293,15493,15437,15514,15452,15416,15290,14780,14591,14743,15292,15983,15879,15803,15761,15748,15722,15499
15392,15990,15640,15277,15689,16210,15955,15413,15440,15573,15339,15502,15517,15276,15600,15521,15362,15169,14748,14065,14157,15466,15779,15537,15727,16123,15890,15652,15290,15248
13930,13558,14237,14522,14604,14579,14178,14136,14121,13962,13792,13880,13864,13864,13864,13851,13780,13375,13213,12956,13395,13739,14528,14487,14529,14574,14565,13963,13967,13926
13403,13723,14123,14523,14294,14115,13841,14020,13897,13669,13789,13710,13900,13710,13900,13714,13498,13170,12940,12944,13024,12999,12999,13040,13182,13168,12880,12787,12757,12764
14277,14425,14692,14573,14429,14081,14155,13969,13836,13875,13875,13868,13878,13842,13842,13435,13183,13090,13164,13305,13297,13342,13437,13909,14485,14010,14057,13984,14111,14090
13706,14145,14147,13541,13260,13375,12966,12725,12671,12526,12643,12649,12649,12649,12532,12501,12532,13132,13146,13139,13136,13200,13137,13118,12756,12683,12720,12815,12891,12898
13432,13441,13013,12903,12726,12737,12679,12679,12700,12695,12712,12712,12632,12632,12612,12612,12644,13028,13018,13008,13033,13029,13025,12792,12715,12660,12673,12718,12749,12731
10706,9569,9414,9097,8507,8316,8399,8425,8710,9075,9174,9116,9004,9039,9039,8807,8856,8836,8748,8779,8784,8791,8371,8143,7980,7924,7979,7980,8005,8042
10430,10050,10023,10044,10050,10069,10075,10160,10184,10184,10141,10141,10141,10141,10287,10287,10325,10253,10227,10231,10277,9899,9864,9884,9937,9944,10001,9920,9931,9888
10842,10827,10768,10139,10166,10129,10245,10244,10322,10278,10267,10267,10267,10255,10211,10222,10180,10217,10202,10190,9884,9885,9793,9704,9758,9844,9934,9932,9833,9925
11152,11195,11239,11239,11184,11245,11201,11201,11207,11138,11133,11133,10677,10262,10190,10046,10118,9878,9960,9547,9071,8970,8301,8036,8001,7972,7990,7954,8182,8220
13232,13364,13193,13219,13159,13173,13177,13177,13177,13168,13168,12739,13299,13375,13283,13273,12962,12993,12564,12651,12716,12739,12755,12771,12807,12839,12844,13042,13061,13169
12644,11815,12603,12690,12507,12507,12512,12505,12446,12435,11914,12377,12411,12411,12424,12525,12666,12401,12288,12287,12263,12263,12311,12311,12344,12359,12499,12619,12651,12625
9767,9368,9648,9272,9112,8915,8931,8945,8961,8806,8815,8816,8816,8856,8847,9017,8761,8809,8803,8788,8788,8824,8824,8836,8835,8942,8933,8982,8913,8928
10399,9711,9498,9521,9245,9030,8849,8867,8643,8111,7882,7880,7881,7810,7756,7692,7483,7475,7489,7519,7581,7581,7591,7607,7628,7655,7786,8063,8016,8015
11029,10473,10001,9950,9907,9907,9923,10485,10461,10479,10461,10437,10255,10261,10232,10221,10206,10206,10206,10236,10236,10225,10225,10270,10271,10299,10501,10140,10181,10276
10616,10040,9975,9879,9881,9893,10492,10481,10515,10487,10430,10261,10336,10107,10084,10106,10106,10066,10114,10110,10109,10109,10160,10170,10221,10433,10065,10148,10260,10313
10747,10000,9826,9644,9642,10153,10256,10451,10507,10575,10328,10436,10199,10109,10109,10204,10193,10193,10194,10194,10194,10207,10219,10231,10392,10154,10196,10230,10279,10096
11215,10946,10726,10167,10516,10520,10480,10471,10462,10204,10258,10269,10183,10166,10166,10161,10173,10184,10188,10188,10205,10234,10281,10498,10236,10291,10361,10386,10218,10115
11447,11083,10723,10722,10861,11270,11338,11271,11396,11648,11437,11188,10767,10691,10150,9963,10009,10014,9969,10044,10060,10073,10263,10075,10122,10216,10272,10138,10193,10243
10777,10570,10334,10275,10142,10179,10278,9996,9927,9837,9372,9181,8751,8589,8296,8295,8300,8301,8388,8390,8428,8435,8406,8437,8459,8507,8687,8768,9134,9196
10220,10598,10382,10404,10395,10492,10316,10260,10140,10060,10040,10053,10067,10060,10067,10093,10086,10162,10168,10203,10430,10198,10225,10300,10332,10367,10381,10424,10352,10228
10794,10844,10982,11076,11102,10992,11041,10878,10817,10741,10189,9690,9531,9318,9107,8620,8255,8272,8329,8388,8372,8486,8513,8600,8739,9184,9469,9449,9120,8807
9295,9287,9128,9164,9223,9126,8970,8993,8999,9022,9051,9048,9026,9058,9038,9062,9092,9151,9313,9238,9264,9349,9301,9334,9393,9565,9582,9095,9053,9073
8591,8239,8289,8313,8330,8270,8205,8024,7727,7698,7490,7511,7567,7576,7571,7581,7728,7984,7928,7960,8014,8066,8218,8659,8869,9120,8635,8242,8234,8218
8965,8901,8859,8905,8874,8734,8785,8785,8776,8830,8793,8802,8848,8876,8892,8961,9091,8966,8918,8926,9080,9177,9278,9347,9392,8568,8474,8593,8587,8584
8493,8429,8454,8447,8408,8429,8429,8410,8501,8523,8509,8501,8564,8575,8649,8654,8616,8673,8712,8752,8913,9124,9200,9125,8554,8389,8564,8430,8415,8415
6853,6902,6845,6845,6864,6963,6991,7076,7063,7016,7047,7037,7037,7134,7309,7281,7313,7340,7398,7604,7632,7670,7650,7251,7054,6953,6809,6744,6787,6808
7406,7299,7186,7226,7263,7263,7324,7361,7552,7614,7586,7630,7646,7689,7627,7652,7714,7848,8027,8210,8403,8627,8045,7463,7296,7091,7066,7106,7095,7060
7284,7242,7287,7249,7256,7344,7388,7428,7533,7552,7582,7619,7655,7659,7692,7753,8042,8244,8622,8723,8864,8017,7450,7232,7146,7192,7204,7169,7162,7174
7689,7479,7483,7500,7615,7744,7915,7950,7970,7951,8028,7961,8042,8074,8121,8129,8291,8670,8715,8849,8214,8027,7530,7281,7355,7492,7417,7395,7445,7447
8892,9025,9006,8973,8948,8867,8874,8983,8942,8855,8707,8831,8831,8918,8937,9044,9115,9250,9321,8832,8666,8688,8621,8669,8761,8862,8897,9070,9039,9006
8587,8554,8663,8685,8791,8874,8976,8931,8933,8757,8939,9032,9106,9111,9246,9325,9420,9389,8867,8698,8698,8596,8521,8556,8589,8598,8606,8555,8569,8554
8001,8175,8268,8221,8279,8269,8245,8261,8194,8243,8323,8348,8387,8655,8715,9074,9108,8810,8667,8281,8192,7984,8019,7991,8051,8135,7943,8021,8024,8137
8972,8845,8720,8817,8789,8649,8552,8542,8544,8568,8637,8797,9013,9234,9349,9321,8960,8743,8821,8756,8836,8968,9005,9009,9021,8919,8921,8941,8962,8962
8345,8436,8492,8525,8375,8434,8374,8487,8488,8565,8734,8904,8981,9132,9136,8645,8292,8575,8574,8598,8675,8513,8406,8433,8354,8377,8448,8462,8462,8477
8855,9205,9035,9275,9315,9307,9394,9367,9331,9216,9199,9244,9526,9368,9048,8999,9059,9076,9130,9189,9147,9120,9131,9130,9165,9259,9203,9149,9235,9236
9984,10303,10112,10409,10133,10432,10290,10391,10244,10414,10184,10489,10197,9711,9895,10114,10002,10056,10156,10198,10222,10179,10187,10000,10235,10247,10269,10235,10200,10356
10293,10073,10320,10106,10395,10242,10536,10185,10385,10186,10493,10204,9668,9703,9911,10025,9929,10048,10114,10139,10141,10160,9965,10153,10247,10271,10216,10188,10343,10214
11099,11167,11193,11153,11152,11150,11053,10983,11027,11219,11202,10312,10423,10365,10259,10422,10360,10236,10439,10360,10315,10332,10391,10445,10481,10418,10401,10544,10540,10559
10799,11006,10842,10990,11045,10864,10960,11051,11057,11045,9929,10196,10326,10322,10495,10648,10486,10478,10484,10455,10406,10466,10514,10588,10539,10512,10663,10663,10698,10698
10880,10967,11070,11016,10969,11054,11022,11175,11248,10084,10556,10573,10805,10642,10767,10678,10678,10684,10677,10614,10702,10740,10772,10775,10759,10901,10788,10850,10919,10785
10861,11178,10896,10908,10963,10975,11292,11338,10276,10489,10448,10768,10743,10835,10694,10716,10750,10711,10702,10765,10694,10769,10798,10750,10861,10892,10934,10961,10984,11121
10820,10961,10645,10691,10734,10958,11034,10130,10663,10586,10691,10686,10813,10722,10622,10714,10678,10704,10682,10763,10835,10778,10811,10810,10788,10840,10802,10850,10853,10969
10051,9812,9680,9561,9644,9591,9075,8529,8481,8583,8850,8909,8880,8730,8855,8791,8793,9081,9118,9010,9001,8932,8999,8989,9020,9001,9017,8949,8945,8996
9796,9685,9657,9765,9727,9174,8523,8460,8443,8419,8449,8317,8324,8421,8316,8275,8614,8913,8931,9065,9075,9079,9011,9049,9049,9015,9006,8761,8831,8887
9752,9732,9899,10124,9499,9837,9695,9734,9709,9782,9658,9669,9504,9543,9558,9627,9610,9632,9592,9603,9624,9597,9640,9624,9601,9580,9608,9580,9585,9629
9427,9212,9096,8641,8719,8847,8855,8971,8906,8835,8852,8925,8825,9031,9080,9048,9062,8918,8921,9106,9071,8968,9098,8940,8919,8949,8951,8987,9087,9105
10256,10575,9665,9905,9943,10046,10171,10195,10216,10195,10238,10237,10218,10234,10213,10269,10324,10263,10391,10447,10455,10456,10431,10465,10460,10471,10455,10652,10652,10541
10753,9888,10222,10318,10166,10345,10507,10422,10496,10512,10496,10492,10517,10514,10525,10561,10561,10587,10585,10637,10581,10569,10568,10677,10711,10730,10955,11167,10969,10912
10093,10460,10681,10430,10503,10424,10349,10478,10332,10436,10323,10303,10248,10238,10253,10259,10319,10293,10374,10476,10357,10480,10471,10581,10601,10759,10759,10655,10533,10462
10808,11170,10939,10931,10954,10944,10915,10902,10902,10917,10942,10873,10958,10954,10979,10972,10973,10914,10912,10790,10854,10873,10958,10971,11160,11219,10945,10638,10689,10735
11217,11020,10914,11118,11123,10931,10834,10855,10845,10864,10819,10854,10891,10858,10889,10887,10857,10857,10756,10759,10856,10907,10862,11004,11010,10895,10621,10560,10615,10743
11228,10941,10840,10929,11064,11178,11013,11025,11068,11142,11078,11050,11042,11118,11054,11086,11105,10982,10931,11027,11098,11059,11128,11143,10866,10543,10552,10601,10857,11068
11319,10711,10656,10894,11100,11117,11178,11063,11145,11195,11071,11058,11109,11194,11050,11021,11079,11126,11219,11161,10885,11129,11248,10977,10544,10623,10417,11095,11124,11302
11039,10929,11038,11177,11108,11099,11076,11169,11139,11073,11102,11106,11095,11130,11119,11041,11041,11101,11146,11044,11177,11149,10904,10613,10511,10641,10891,11161,11274,11344
10537,10791,10939,10957,11039,10967,10963,11029,11022,11040,11045,11002,11048,11052,10929,10903,10990,10975,11028,11086,11094,10893,10572,10543,10678,10862,11056,11132,11181,11089
9931,10022,10094,10157,10277,10224,10282,10213,10180,10133,10102,10017,10019,10047,10048,10125,10166,10159,10255,10185,10073,9948,9867,9871,10105,10108,10165,10258,10274,10265
9423,9167,9053,9133,9134,9134,9183,9113,9096,9110,9148,9133,9113,9097,9119,9157,9061,9115,9111,9057,9045,9034,9052,9051,9036,9143,9006,8996,8974,8975
9019,9115,9184,9221,9157,9285,9374,9456,9459,9541,9449,9407,9366,9400,9432,9361,9441,9471,9397,9364,9374,9338,9196,8950,8996,8859,8850,8701,8678,8623
8862,8763,8712,8765,8779,8736,8715,8673,8721,8678,8775,8649,8785,8761,8860,8916,9012,8993,8951,8976,8963,8967,8891,8908,8653,8735,8460,8357,8331,8348
9462,9630,9653,9633,9538,9468,9435,9501,9546,9498,9471,9463,9505,9532,9527,9551,9504,9472,9474,9527,9476,9479,9451,9463,9453,9410,9195,8869,8934,8684
9140,9191,9152,9224,9180,9297,9422,9385,9379,9327,9341,9354,9347,9346,9252,9145,9173,9152,9208,8858,9054,8789,9107,8781,9084,8743,8961,8753,8937,8851
9177,9146,9199,9162,9176,9216,9198,9171,9160,9255,9250,9250,9266,9266,9233,9233,9237,9237,8998,9059,9105,9068,9076,9076,9068,9030,9015,9014,9136,9108
8293,8459,8394,8409,8457,8543,8799,8896,8940,9276,9265,9180,9163,8976,9086,9146,8969,8995,8906,8978,8929,8897,8889,8944,8938,8819,8886,8832,8830,8867
8438,8365,8334,8330,8451,8304,8288,8337,8607,9020,9187,8986,9148,8972,9057,9124,8875,8856,8963,8692,8563,8594,8585,8602,8554,8538,8363,8363,8228,8352
8337,8306,8305,8417,8298,8258,8354,8610,9097,9206,8959,9101,9041,9040,9061,8880,8864,8989,8732,8709,8715,8715,8699,8629,8575,8697,8673,8651,8709,8742
7993,7964,8047,8009,7908,7973,8245,8406,8433,8531,8412,8424,8428,8428,8106,8131,8004,7930,7910,7903,7895,7906,8067,8002,8064,8085,8140,8036,7989,7967
7880,8056,7991,7931,7936,8114,8288,8360,8492,8519,8503,8503,8501,8088,8034,7887,7833,7886,7883,7864,7994,8047,8097,8081,7949,7836,7870,7951,7951,7906
8637,8524,8145,8293,8375,8465,8623,9080,9139,8989,9029,9063,8910,8884,8976,8967,8837,8648,8612,8522,8191,8166,8210,8171,7969,7958,8096,8228,8055,8142
8682,8659,8656,8980,9096,9177,9078,9194,8969,8892,9136,8912,8883,8557,8504,8118,8008,7923,7899,8150,7930,8114,8214,8162,8207,8228,8203,8212,8287,8341
8805,8869,9142,9090,9166,9016,9104,9075,8914,9019,8813,8836,8754,8662,8712,8642,8706,8606,8639,8494,8251,8341,8273,8316,8236,8254,8209,8298,8408,8384
8831,9066,9025,9137,9088,9034,9038,9008,9078,8716,8749,8646,8641,8597,8567,8583,8574,8569,8537,8358,8384,8286,8301,8192,8238,8307,8332,8387,8398,8409
9105,9087,9203,9168,9027,9070,9015,9116,8991,8943,8817,8815,8764,8748,8754,8694,8582,8561,8615,8654,8863,8997,9031,9079,9097,9043,9144,9067,9007,9055
8712,8904,8948,8950,8872,8835,8846,8907,8831,9020,8816,8850,8771,8730,8799,8841,8762,8719,8859,8756,8872,8778,8809,8852,8824,8838,8776,8743,8754,8743
8369,8331,8325,8325,8289,8378,8176,8268,8329,8172,8282,8324,8169,8230,8357,8122,8311,8313,8220,8178,8280,8355,8168,8361,8415,8188,8183,8459,8386,8189
8357,8279,8390,8339,8392,8257,8234,8271,8238,8227,8215,8174,8267,8315,8208,8257,8284,8227,8206,8141,8312,8229,8339,8329,8324,8321,8372,8377,8352,8253
8076,8256,7999,8232,8301,8231,8177,8278,8230,8118,8330,8220,8146,8273,8148,8269,8228,8159,8160,8151,8347,8282,8170,8289,8160,8204,8334,8116,8239,8298
7959,7915,8081,8185,8175,8211,8121,8019,8033,8026,8107,8277,8246,8328,8165,8263,8205,8050,8003,8059,8180,8275,8286,8130,8222,8199,8284,8076,8217,8288
7362,7379,7315,7285,7305,7293,7345,7332,7333,7421,7493,7468,7699,7923,7879,7886,7676,7547,7515,7568,7584,7570,7464,7653,7782,7867,7796,7877,7760,7780
7024,7110,7129,7487,7473,7406,7452,7481,7559,7596,7584,7672,7724,7804,7836,7640,7523,7612,7780,8024,8091,8096,8194,8078,8212,8115,8187,8094,8117,8076
7105,7094,7222,7354,7233,7295,7402,7277,7347,7300,7514,7373,7262,7369,7198,7258,7371,7235,7366,7291,7247,7391,7396,7301,7267,7195,7200,7215,7211,7229
6803,6836,6806,6917,6917,6892,6899,6945,7013,7176,7367,7270,7346,7083,6873,6960,7068,7092,7149,7366,7461,7453,7435,7417,7317,7394,7341,7424,7331,7376
7060,7076,7084,6985,7006,7034,7066,7045,7154,7373,7355,7338,7127,7190,7325,7254,7314,7283,7287,7362,7337,7292,7274,7182,7237,7266,7285,7277,7343,7258
7341,7358,7253,7409,7312,7403,7310,7451,7321,7411,7391,7160,7216,7351,7353,7329,7354,7351,7379,7381,7451,7440,7400,7420,7431,7382,7411,7362,7378,7382
7153,7146,7136,7119,7291,7182,7255,7187,7186,7156,7142,7153,7171,7202,7202,7227,7286,7287,7309,7355,7329,7327,7374,7355,7369,7336,7372,7310,7298,7196
6939,7042,7119,7348,7129,7422,7210,7224,7353,7159,7201,7237,7270,7253,7294,7353,7358,7359,7423,7365,7374,7425,7438,7387,7410,7198,7235,7225,7068,6979
6868,6990,7251,7250,7484,7168,7303,7158,7131,7132,7178,7215,7328,7240,7494,7341,7341,7462,7385,7346,7418,7439,7393,7426,7226,7362,7234,7292,7299,7272
6966,7300,7262,7481,7210,7333,7182,7173,7163,7225,7250,7401,7332,7482,7378,7417,7546,7470,7406,7454,7465,7395,7441,7298,7395,7279,7267,7308,7252,7317
7078,6939,7144,7225,7318,7188,7184,7151,7258,7269,7241,7278,7475,7348,7327,7425,7347,7326,7407,7407,7354,7354,7351,7376,7363,7223,7260,7252,7257,7279
6751,6936,6908,6820,6844,6777,6743,6780,6825,6819,6786,6886,6862,6852,6934,6894,6863,6872,6880,6849,6888,6962,7029,7004,6844,6774,6745,6809,6863,6883
7051,7021,7049,6938,6755,6730,6836,6986,6963,6942,7107,7039,7038,7132,7257,7255,7243,7288,7267,7284,7275,7190,7175,7181,7209,7186,7204,7175,7288,7260
7049,6998,6932,6799,6793,6794,6826,6893,6848,6913,6890,6946,7016,6985,7052,7094,7140,7307,7330,7260,7267,7188,7134,7126,7090,6960,6857,6889,6879,6932
7875,7714,7588,7405,7429,7545,7460,7472,7532,7513,7525,7524,7567,7547,7617,7751,7878,7882,7993,7991,8051,8176,8122,8123,8128,8116,8256,8104,8239,8270
7779,7855,7728,7829,7896,7842,7873,7839,7962,8036,8104,8152,8067,8162,8105,8146,8093,8159,8069,8147,7976,7854,7797,7774,7836,7891,7773,7882,7873,7857
7742,7768,7740,7801,7804,7766,7825,7821,7910,7930,7869,7919,7896,7901,7812,7806,7874,7871,7801,7758,7669,7533,7413,7397,7545,7454,7538,7587,7523,7532
8293,8339,8539,8844,8990,8950,9010,9041,8940,8889,8849,8822,8756,8682,8594,8524,8225,8012,7990,7836,7783,7724,7562,7501,7414,7489,7556,7562,7552,7562
8208,8304,8305,8430,8504,8461,8435,8341,8281,8258,8211,8217,8161,8182,8085,8096,8039,7963,7778,7785,7723,7542,7404,7342,7453,7505,7376,7372,7393,7405
8325,8278,8274,8501,8368,8390,8278,8312,8247,8213,8230,8225,8160,8148,8089,8025,8012,8008,8063,8065,7906,7911,7881,7969,8036,8198,8173,8184,8201,8199
8139,8056,8202,8247,8201,8287,8261,8196,8141,8158,8003,8025,7980,7820,7834,7639,7423,7274,7254,7354,7429,7441,7507,7525,7446,7484,7529,7586,7551,7538
8225,8243,8282,8368,8387,8346,8198,8159,8189,8081,8007,8031,8050,8000,7933,7918,7880,7898,8010,8206,8045,8183,8169,8111,8114,8141,8143,8157,8152,8175
8974,8992,8960,8944,8924,9000,9011,8988,8822,8772,8680,8461,8156,8005,8104,8143,8138,8096,8161,8166,8246,8350,8435,8431,8434,8455,8440,8443,8465,8444
8985,9000,8918,8889,8915,8905,8912,8705,8732,8626,8489,8101,7858,7806,7658,7444,7282,7425,7360,7417,7442,7422,7435,7471,7495,7562,7587,7597,7606,7787
8967,8743,8798,8810,8847,8843,8732,8690,8501,8373,8498,8411,8441,8496,8511,8455,8477,8446,8521,8543,8677,8664,8720,8891,8888,8942,9040,9045,9023,8981
8777,8982,8882,8916,8908,8948,9023,8885,8792,8743,8642,8554,8457,8285,8371,8371,8359,8430,8441,8429,8434,8459,8410,8440,8460,8488,8499,8491,8464,8464
9392,9514,9658,9525,9455,9477,9243,9003,8970,8795,8844,8772,8702,8665,8609,8525,8283,8337,8362,8352,8396,8369,8421,8376,8434,8455,8479,8475,8471,8471
9249,9191,9103,8891,8663,8536,8442,8436,8290,8326,8310,8320,8323,8391,8368,8382,8444,8435,8411,8411,8348,8365,8379,8446,8446,8414,8388,8383,8377,8398
9071,9110,8908,8779,8793,8775,8772,8587,8588,8551,8580,8586,8622,8618,8725,8779,8745,8772,8791,8846,8806,8838,8857,8845,8825,8832,8822,8815,8804,8830
9014,8924,8719,8861,8784,8770,8643,8658,8524,8284,8297,8411,8354,8364,8364,8333,8333,8395,8453,8425,8412,8418,8459,8406,8415,8453,8428,8317,8330,8328
8919,9034,8791,8841,8792,8685,8519,8097,8033,8164,8191,8224,8276,8282,8261,8283,8282,8403,8401,8390,8399,8392,8379,8379,8345,8362,8370,8265,8218,8145
9304,9019,8933,8779,8844,8842,8706,8733,8713,8789,8780,8944,9016,9058,9063,9107,9084,9096,9031,9053,9059,9017,9017,9040,9051,9051,9050,9026,9019,9019
8991,8998,8915,8774,8887,8684,8479,8058,8395,8256,8375,8306,8305,8326,8392,8409,8428,8532,8477,8547,8768,8968,9118,9195,9198,9268,9241,9229,9269,9168
9161,8927,8890,8981,8867,8795,8808,8798,8745,8908,8883,8910,8975,9077,9125,9089,9044,9044,9049,9024,9018,9020,9025,9025,9051,9061,9041,9041,9027,9066
9020,9148,8937,8851,8911,8884,8870,8933,9023,8937,9002,8977,9065,9125,9123,9095,9129,9085,9091,9047,9032,9010,9010,9069,9069,8994,8988,8980,8989,9002
9501,9656,9391,9201,8891,9036,9100,9183,9091,9216,9107,9468,9663,9773,9666,9870,9741,9783,9761,9745,9755,9666,9653,9464,9352,9310,9235,9142,9240,9150
9763,9710,9666,9546,9211,8943,9153,8975,9121,9118,9312,9669,9897,9867,10079,10116,10116,10162,9954,10042,9897,9743,9752,9664,9665,9419,9143,9096,9030,9204
9735,9743,9723,9675,9683,9688,9651,9775,9808,9886,9900,9919,9979,10013,10197,10266,10206,10068,10221,10107,10025,10013,9858,9794,9756,9737,9853,9848,9930,9980
9708,9640,9581,9634,9725,9728,9836,9806,9935,10056,10147,10181,10239,10148,10121,10182,9995,10001,9932,9798,9717,9655,9565,9509,9508,9743,9913,9937,9875,9941
9175,9002,9009,9155,8946,9148,9075,9204,9106,9287,9496,9701,9667,9633,9501,9470,9494,9500,9531,9529,9549,9484,9522,9443,9571,9653,9805,9756,9764,9684
9079,9061,9227,9026,9223,8912,9255,9363,9625,9688,9841,9860,9814,9832,9673,9770,9594,9460,9495,9285,9213,8924,9026,9099,9036,9108,9056,9068,9078,9096
9364,9535,9597,9616,9624,9665,9783,9823,9803,9782,9711,9730,9673,9619,9496,9482,9452,9444,9186,9108,9048,9123,9209,9138,9396,9474,9856,9736,9699,9687
9349,9146,9359,9103,9335,9275,9380,9288,9274,9339,9191,9206,9009,9259,9168,9271,9153,9207,8850,9072,9031,9155,9252,9490,9647,9577,9511,9424,9417,9259
8046,8049,8064,8041,8128,8113,8134,8178,8138,8155,8308,8455,8460,8508,8488,8447,8437,8403,8358,8360,8143,8012,8062,7961,7868,7891,7857,7863,8026,8062
8284,8279,8341,8343,8314,8332,8401,8291,8252,8170,7967,8027,8115,8098,7982,7884,7885,7873,7965,8070,8179,8117,8161,8080,8083,8039,8128,8158,8141,8152
8657,8703,8701,8697,8570,8666,8750,8855,8855,8812,8812,8857,8884,8847,8873,8917,8830,8923,8977,8873,9015,8845,8926,8985,8836,8901,8897,8715,8811,8870
8650,8659,8654,8627,8621,8713,8750,8752,8780,8799,8793,8788,8765,8767,8707,8739,8784,8785,8785,8815,8746,8819,8830,8807,8797,8832,8829,8782,8864,8865
8487,8433,8455,8477,8439,8444,8444,8429,8429,8361,8257,8229,8240,8163,8187,8190,8099,8109,8116,8044,8208,8122,8104,8130,8273,8278,8343,8349,8384,8414
8387,8359,8422,8510,8539,8651,8653,8678,8684,8730,8667,8626,8682,8668,8667,8512,8309,8244,8141,8058,8141,8091,8172,8261,8335,8435,8517,8578,8797,8850
8079,8153,8187,7985,8044,8115,8088,8055,8078,8036,8182,8054,8169,8237,8044,8085,8018,8138,7956,8018,8058,8140,8126,8078,8104,8189,8216,8171,8180,8077
8142,8195,8116,8166,8191,8199,8174,8159,8221,8129,8115,8105,8185,8005,8106,8036,8107,7995,7987,7988,8047,8196,8041,8209,8050,8303,8251,8235,8140,8174
8210,8168,8198,8273,8287,8226,8187,8217,8265,8211,8101,8215,8005,7988,7920,7958,7966,7863,7894,7866,8109,8057,8310,8324,8327,8341,8343,8307,8268,8335
8425,8323,8306,8305,8260,8263,8241,8159,8254,8295,8313,8080,8063,8033,8045,8030,7986,7991,8057,8225,8173,8298,8382,8377,8414,8500,8480,8356,8342,8392
8327,8368,8346,8389,8373,8374,8368,8297,8349,8331,8014,8013,7989,7893,7901,7935,7946,7910,8200,8176,8219,8272,8345,8233,8268,8258,8276,8371,8398,8404
8111,8230,8265,8322,8396,8412,8396,8296,8363,8048,8013,8026,8070,8040,8030,8080,8114,8290,8318,8415,8456,8474,8369,8296,8303,8299,8299,8372,8369,8293
7654,7547,7456,7430,7428,7420,7461,7452,7486,7452,7451,7346,7413,7398,7350,7414,7452,7416,7535,7586,7584,7549,7568,7548,7565,7634,7755,7927,7913,7913
7477,7338,7287,7361,7301,7338,7349,7189,7228,7207,7153,7146,7184,7130,7184,7294,7268,7329,7432,7452,7434,7434,7424,7424,7478,7464,7473,7361,7425,7417
7353,7328,7317,7404,7334,7321,7319,7377,7368,7305,7344,7298,7298,7302,7396,7324,7376,7444,7454,7449,7457,7528,7553,7574,7513,7513,7489,7417,7359,7365
7241,7216,7244,7194,7162,7243,7318,7340,7257,7312,7278,7254,7233,7280,7264,7333,7348,7328,7373,7371,7437,7428,7480,7566,7596,7477,7441,7402,7402,7440
7248,7289,7292,7258,7235,7284,7300,7190,7212,7232,7290,7234,7397,7381,7451,7464,7465,7457,7451,7452,7440,7458,7417,7405,7341,7337,7289,7245,7293,7237
7197,7201,7128,7257,7273,7291,7276,7330,7281,7317,7323,7428,7448,7419,7478,7523,7523,7493,7504,7443,7469,7494,7529,7432,7399,7326,7337,7382,7336,7336
7387,7305,7375,7416,7451,7265,7299,7267,7359,7282,7409,7399,7360,7423,7496,7510,7579,7587,7605,7765,7939,7949,7953,7942,7899,7939,8000,8119,8131,8081
7219,7457,7502,7557,7502,7538,7506,7565,7490,7483,7528,7487,7489,7396,7356,7373,7364,7333,7368,7362,7375,7345,7287,7298,7298,7302,7231,7271,7241,7270
7489,7551,7651,7560,7611,7604,7662,7618,7676,7615,7576,7661,7657,7689,7674,7666,7563,7630,7559,7678,7469,7345,7318,7381,7382,7343,7359,7359,7409,7348
7569,7564,7495,7460,7422,7407,7378,7436,7367,7336,7374,7414,7475,7466,7416,7338,7358,7361,7418,7325,7299,7290,7297,7363,7321,7317,7297,7361,7395,7394
7630,7599,7593,7572,7556,7471,7382,7338,7275,7333,7369,7411,7457,7466,7424,7410,7393,7435,7463,7429,7385,7433,7441,7367,7357,7376,7381,7355,7380,7429
7947,7927,7937,8065,8119,8170,8080,8043,8120,8104,8112,8089,8085,8085,8119,8139,8130,7999,7986,7938,7872,7854,7811,7792,7817,7761,7779,7933,7950,7967
7324,7324,7368,7284,7421,7358,7330,7371,7352,7414,7385,7371,7360,7452,7436,7435,7357,7372,7321,7343,7370,7292,7303,7307,7320,7302,7408,7431,7387,7225
7456,7372,7293,7301,7296,7287,7251,7324,7352,7348,7363,7340,7403,7461,7525,7680,7682,7502,7522,7535,7514,7519,7489,7546,7510,7564,7589,7579,7438,7331
7569,7484,7426,7291,7259,7271,7329,7316,7316,7282,7303,7315,7382,7401,7362,7425,7400,7394,7442,7374,7341,7364,7343,7355,7409,7426,7448,7353,7409,7365
7515,7569,7496,7486,7433,7332,7361,7304,7311,7310,7359,7340,7340,7335,7367,7324,7319,7381,7353,7420,7359,7431,7345,7487,7620,7746,7753,7771,7798,7771
7646,7669,7612,7666,7670,7652,7648,7657,7633,7682,7651,7704,7693,7721,7751,7745,7801,7772,7732,7690,7548,7454,7477,7584,7577,7506,7490,7545,7503,7490
7604,7513,7564,7526,7587,7618,7576,7567,7623,7614,7671,7622,7620,7622,7629,7645,7564,7546,7551,7558,7486,7553,7546,7609,7511,7520,7544,7515,7525,7584
6740,6696,6774,6816,6939,7179,7186,7210,7176,7280,7279,7287,7295,7301,7337,7302,7308,7309,7327,7291,7378,7375,7360,7327,7284,7379,7307,7246,7192,7235
6776,6794,6790,6887,6873,6886,6928,6909,7006,7250,7366,7357,7385,7306,7378,7346,7362,7328,7398,7352,7304,7298,7244,7270,7233,7235,7219,7205,7142,7131
6374,6280,6385,6349,6329,6365,6397,6429,6383,6385,6354,6360,6330,6380,6388,6437,6438,6459,6510,6708,6946,7100,7255,7210,7217,7174,7130,7083,6913,6732
6270,6340,6301,6282,6280,6294,6295,6247,6256,6246,6262,6266,6259,6264,6304,6363,6401,6444,6391,6365,6313,6261,6297,6287,6275,6193,6178,6215,6210,6249
6899,6854,6762,6843,6865,6856,6826,6805,6771,6788,6782,6766,6805,6825,6872,6897,6813,6802,6846,6771,6797,6819,6781,6735,6710,6687,6681,6740,6826,6815
6353,6316,6301,6301,6293,6289,6161,6138,6168,6147,6209,6239,6239,6283,6383,6419,6372,6357,6364,6370,6375,6375,6339,6332,6323,6331,6311,6315,6343,6367
6425,6412,6463,6538,6497,6388,6448,6457,6473,6522,6564,6539,6539,6561,6593,6627,6650,6475,6499,6567,6540,6450,6411,6417,6457,6467,6538,6528,6469,6528
6420,6442,6447,6478,6436,6436,6426,6426,6456,6486,6486,6527,6542,6561,6505,6504,6466,6466,6497,6499,6504,6457,6427,6428,6414,6456,6495,6478,6501,6469
6850,7021,7078,7096,7050,7082,7045,7057,7067,7066,7085,7084,7064,7058,7103,7241,7225,7266,7281,7277,7171,7162,7263,7255,7266,7315,7335,7299,7297,7371
6797,6686,6556,6452,6508,6472,6603,6623,6673,6656,6668,6644,6644,6658,6545,6494,6530,6575,6586,6523,6417,6463,6538,6634,6664,6580,6622,6616,6622,6639
6808,6848,6822,6826,6820,6747,6746,6775,6818,6856,6730,6759,6798,6680,6620,6653,6639,6631,6570,6456,6515,6535,6575,6597,6621,6675,6665,6707,6717,6808
6747,6763,6763,6759,6720,6724,6733,6770,6760,6762,6777,6755,6683,6642,6616,6601,6545,6493,6417,6484,6539,6579,6677,6652,6666,6661,6655,6647,6647,6613
6143,6141,6157,6210,6206,6200,6290,6288,6274,6288,6288,6186,6271,6260,6287,6201,6201,6159,6191,6177,6208,6200,6246,6235,6223,6226,6267,6277,6202,6156
6122,6217,6249,6321,6490,6559,6606,6568,6505,6540,6386,6471,6453,6543,6454,6492,6320,6486,6419,6526,6422,6556,6409,6527,6417,6545,6436,6496,6354,6492
6097,6125,6144,6150,6223,6259,6588,6720,6659,6440,6511,6491,6575,6445,6429,6333,6389,6401,6454,6499,6488,6479,6471,6508,6518,6517,6420,6418,6418,6500
6219,6331,6514,6594,6621,6762,6909,6939,7025,7035,7045,6958,6827,6668,6350,6394,6472,6663,6708,6636,6633,6625,6524,6520,6578,6511,6477,6499,6556,6602
6150,6109,6154,6252,6439,6579,6581,6417,6412,6435,6451,6395,6355,6264,6245,6103,6141,6113,6077,6067,6057,6060,6060,6097,6037,6036,6055,6159,6192,6135
6148,6257,6440,6752,6940,7231,7166,7229,7238,7242,7160,7069,6780,6510,6433,6587,6672,6686,6673,6673,6714,6685,6602,6436,6376,6326,6442,6452,6464,6452
5953,6072,6280,6336,6714,6652,6706,6578,6551,6545,6533,6490,6496,6505,6637,6634,6655,6538,6511,6528,6511,6530,6450,6430,6442,6540,6561,6538,6451,6443
6147,6640,6512,6667,6492,6460,6485,6519,6448,6363,6269,6147,6016,6010,6072,6086,6104,6048,6024,6034,6051,6026,6026,6019,6091,6102,6046,5965,5984,6090
6807,7010,7207,7153,7089,6997,6929,6769,6533,6366,6490,6496,6584,6586,6583,6507,6503,6525,6498,6508,6483,6419,6428,6493,6492,6458,6435,6424,6477,6540
6443,6508,6463,6448,6470,6465,6503,6406,6362,6372,6361,6411,6385,6413,6379,6400,6387,6399,6383,6349,6349,6361,6443,6415,6348,6395,6395,6485,6537,6636
6653,6516,6481,6484,6506,6522,6423,6233,6125,6134,6025,6043,6030,5993,5994,6003,5953,5958,5928,5884,5901,5993,6050,5960,5945,6022,6040,6126,6164,6240
6511,6473,6534,6480,6516,6367,6324,6289,6172,6102,6076,5978,5987,5955,5915,5875,5924,5899,5884,5903,6084,6127,6017,6070,6055,6085,6185,6395,6544,6546
6517,6520,6484,6496,6435,6402,6420,6436,6439,6480,6455,6475,6459,6471,6466,6488,6415,6414,6433,6459,6454,6433,6443,6469,6461,6528,6612,6558,6578,6584
6586,6579,6600,6440,6320,6364,6371,6419,6403,6416,6438,6431,6451,6515,6527,6489,6458,6476,6563,6565,6515,6495,6495,6504,6555,6663,6633,6492,6514,6458
6559,6554,6387,6315,6321,6334,6360,6341,6364,6355,6325,6356,6359,6372,6335,6290,6261,6361,6449,6431,6449,6536,6567,6600,6662,6635,6562,6566,6487,6435
6784,6567,6382,6479,6427,6449,6512,6524,6533,6530,6552,6486,6499,6427,6366,6414,6433,6496,6500,6507,6490,6514,6559,6631,6588,6600,6611,6567,6570,6577
6407,6335,6264,6287,6297,6332,6331,6315,6333,6329,6306,6306,6299,6294,6294,6345,6342,6304,6310,6313,6381,6495,6655,6698,6682,6605,6578,6582,6590,6575
6452,6465,6484,6525,6516,6534,6575,6596,6576,6588,6571,6530,6473,6422,6498,6545,6512,6455,6444,6553,6698,6716,6649,6658,6669,6634,6606,6623,6623,6610
6349,6353,6389,6405,6400,6441,6509,6490,6503,6482,6481,6383,6377,6451,6512,6436,6381,6377,6384,6467,6620,6544,6436,6439,6403,6436,6464,6452,6460,6420
6361,6381,6442,6506,6594,6629,6562,6550,6494,6487,6479,6512,6508,6515,6500,6481,6455,6525,6568,6663,6600,6596,6615,6600,6610,6599,6562,6531,6532,6500
6135,6113,6060,5978,6052,6025,6070,6069,6020,5997,5998,6041,6090,6118,6047,6013,6085,6104,6203,6146,6224,6201,6243,6314,6423,6483,6521,6512,6425,6432
6183,6174,6158,6199,6139,6186,6135,6143,6105,6130,6098,6088,6046,6065,6079,6132,6164,6248,6310,6494,6591,6563,6587,6520,6476,6467,6448,6398,6428,6394
6224,6198,6232,6195,6190,6248,6174,6198,6173,6236,6212,6174,6189,6208,6245,6269,6564,6506,6579,6548,6473,6497,6502,6541,6524,6464,6428,6463,6475,6490
6289,6319,6316,6336,6339,6306,6260,6321,6390,6459,6499,6499,6522,6506,6565,6638,6658,6574,6513,6464,6532,6508,6465,6507,6499,6408,6417,6402,6429,6462
6645,6639,6597,6553,6460,6445,6420,6513,6561,6538,6522,6522,6534,6499,6566,6656,6657,6609,6548,6528,6546,6540,6487,6474,6351,6362,6413,6474,6542,6524
7362,7301,7231,7228,7161,7191,7226,7211,7207,7333,7283,7353,7433,7523,7690,7707,7825,7855,7859,7832,7875,7769,7710,7642,7442,7271,7357,7395,7395,7379
7279,7265,7208,7164,7164,7186,7171,7243,7199,7183,7241,7339,7338,7379,7407,7466,7389,7368,7367,7354,7267,7250,7206,7207,7216,7275,7362,7403,7410,7428
7490,7533,7566,7564,7565,7565,7583,7568,7518,7530,7558,7600,7670,7682,7623,7551,7545,7546,7526,7501,7476,7304,7224,7208,7262,7349,7349,7397,7535,7583
7315,7270,7328,7271,7300,7308,7350,7410,7427,7614,7728,7957,7953,7965,7960,7945,7922,7871,7868,7743,7651,7560,7476,7504,7587,7585,7558,7576,7586,7590
7340,7352,7334,7334,7342,7413,7413,7420,7468,7549,7691,7782,7939,7914,7956,8012,8066,8151,8126,7946,7732,7618,7491,7370,7459,7401,7426,7426,7435,7419
7368,7382,7360,7396,7438,7404,7391,7468,7480,7555,7640,7663,7533,7572,7564,7543,7528,7496,7434,7432,7362,7399,7478,7491,7553,7618,7580,7585,7616,7587
7791,7877,7895,7907,7967,7980,8012,8208,8295,8292,8304,8237,8212,8190,8194,8172,8010,7983,7911,7838,7881,7859,7932,7900,7953,7941,7977,7991,7971,7942
8365,8338,8420,8429,8450,8438,8484,8448,8451,8404,8311,8334,8226,8208,8172,8054,7918,7863,7828,7920,7962,7982,8040,8205,8333,8389,8329,8380,8310,8318
8285,8499,8512,8471,8485,8500,8335,8233,8297,8235,8238,8290,8257,8276,8233,8153,7980,7881,7849,7952,7978,7912,7941,7920,7968,7972,7949,7865,7865,7891
7970,7958,7881,7829,7829,7944,7920,7917,7886,7932,7908,7891,7894,7871,7740,7797,7862,7837,7858,7822,7850,7850,7864,7962,7987,8006,8037,8104,8248,8220
8205,8321,8366,8358,8254,8131,7967,8001,8077,8104,8089,8035,8035,7963,7832,7799,7776,7809,7826,7811,7829,7862,7953,7980,7964,7933,8042,8189,8249,8234
8389,8385,8341,8344,8344,8368,8264,8249,8256,8188,7973,8053,8007,8017,8069,8124,8151,8148,8128,8126,8129,8176,8122,8177,8091,8169,8193,8161,8178,8089
8256,8363,8408,8390,8458,8361,8406,8363,8390,8329,8357,8296,8305,8385,8403,8406,8396,8344,8407,8405,8402,8378,8317,8259,8195,8249,8221,8209,8297,8335
8103,8150,8164,8174,8088,8077,8053,8073,8032,8004,7969,7851,7827,7840,7809,7817,7825,7841,7854,7940,7926,7868,7928,7947,7981,8092,8191,8260,8243,8137
8029,8202,8142,8097,8113,8079,8034,8006,8036,7961,7915,7863,7901,8014,8101,8147,8073,8110,8138,8135,8100,8089,8063,8110,8039,8056,8086,8039,7999,8052
7611,7653,7628,7640,7635,7636,7579,7486,7433,7446,7496,7605,7719,7818,7863,7857,7892,8012,8168,8187,8188,8152,8164,8079,8089,8089,8105,8086,8020,8040
7521,7509,7507,7507,7495,7431,7368,7357,7372,7370,7418,7448,7474,7479,7467,7466,7484,7484,7463,7440,7479,7507,7667,7834,7951,7921,7992,7958,7951,7804
7426,7468,7479,7432,7437,7437,7399,7416,7420,7489,7605,7634,7636,7608,7587,7609,7634,7644,7620,7599,7674,7678,7696,7785,7960,7910,7915,7945,7803,7845
7231,7222,7292,7224,7209,7168,7203,7230,7279,7401,7373,7381,7409,7368,7432,7403,7445,7411,7438,7410,7376,7370,7325,7369,7314,7357,7332,7365,7304,7366
7134,7252,7263,7160,7114,7161,7160,7244,7241,7257,7264,7279,7314,7320,7320,7330,7303,7342,7411,7414,7425,7417,7410,7394,7383,7409,7359,7335,7332,7268
7077,7125,7166,7181,7266,7276,7353,7408,7438,7384,7392,7418,7480,7490,7602,7711,7859,7980,8060,8136,8093,7998,7965,7918,7943,7837,7754,7740,7653,7441
6545,6605,6470,6529,6573,6639,6657,6667,6680,6671,6658,6648,6627,6615,6605,6613,6668,6711,6714,6759,6843,6897,6995,7073,7115,7296,7253,7221,7227,7185
6263,6273,6358,6532,6616,6647,6645,6591,6661,6631,6708,6641,6651,6624,6663,6702,6662,6700,6709,6715,6720,6805,6948,6980,6990,6963,6925,6810,6736,6573
6409,6489,6537,6646,6682,6683,6637,6660,6641,6644,6650,6631,6576,6593,6638,6622,6632,6620,6614,6632,6638,6677,6563,6573,6587,6550,6525,6499,6499,6475
6314,6372,6497,6532,6551,6488,6609,6583,6554,6603,6565,6536,6529,6555,6540,6538,6566,6566,6588,6610,6666,6555,6552,6499,6450,6481,6493,6506,6519,6482
6204,6314,6448,6499,6558,6530,6547,6569,6603,6601,6618,6641,6646,6619,6625,6621,6684,6684,6712,6745,6792,6873,6860,6777,6804,6853,6812,6794,6795,6710
6423,6513,6449,6513,6475,6501,6533,6573,6556,6507,6511,6528,6505,6524,6519,6492,6493,6483,6516,6644,6616,6556,6486,6538,6508,6485,6513,6449,6339,6331
6275,6308,6432,6466,6457,6466,6495,6489,6455,6520,6485,6468,6427,6425,6409,6457,6484,6557,6510,6511,6474,6466,6501,6474,6454,6391,6410,6327,6265,6171
6258,6225,6220,6197,6227,6226,6230,6198,6211,6234,6226,6244,6236,6262,6290,6506,6552,6474,6441,6354,6382,6403,6420,6451,6435,6378,6281,6153,6186,6220
6276,6209,6275,6285,6386,6478,6482,6605,6635,6578,6545,6610,6547,6581,6591,6684,6659,6587,6555,6448,6462,6483,6432,6415,6429,6369,6390,6420,6433,6473
6238,6196,6169,6241,6235,6191,6246,6274,6225,6212,6261,6305,6418,6518,6642,6600,6488,6465,6501,6562,6460,6464,6397,6405,6286,6272,6152,6138,6165,6097
6485,6488,6492,6505,6486,6532,6536,6484,6492,6480,6479,6491,6500,6564,6567,6535,6482,6438,6497,6520,6496,6522,6463,6341,6275,6209,6210,6223,6221,6279
6449,6458,6437,6411,6411,6431,6421,6452,6442,6447,6487,6494,6512,6515,6495,6501,6462,6538,6536,6541,6501,6469,6306,6265,6158,6238,6247,6293,6429,6501
6551,6553,6487,6531,6558,6471,6484,6496,6521,6546,6521,6520,6615,6493,6444,6445,6491,6472,6482,6445,6438,6305,6274,6223,6157,6175,6181,6197,6192,6221
6251,6163,6145,6192,6140,6085,6067,5913,5956,6049,6105,6088,6041,6050,6025,6099,6079,6081,6073,6073,5949,5976,5988,5971,5983,5985,5996,5996,5996,5998
6415,6475,6466,6513,6465,6486,6465,6542,6577,6668,6604,6578,6541,6473,6483,6465,6465,6469,6475,6354,6430,6341,6417,6384,6491,6445,6486,6494,6499,6492
6496,6475,6458,6453,6454,6446,6418,6439,6552,6506,6509,6512,6491,6468,6463,6459,6455,6452,6366,6388,6370,6416,6389,6488,6478,6469,6459,6499,6492,6475
6399,6469,6466,6479,6488,6488,6479,6507,6526,6547,6518,6478,6474,6442,6447,6447,6443,6350,6370,6382,6368,6401,6407,6493,6489,6559,6537,6506,6482,6479
6531,6526,6478,6433,6441,6498,6516,6573,6551,6516,6482,6553,6497,6523,6475,6483,6315,6370,6332,6392,6370,6457,6426,6459,6528,6569,6567,6543,6544,6514
6733,6690,6541,6555,6659,6584,6616,6559,6577,6532,6567,6588,6583,6507,6530,6420,6483,6461,6512,6529,6527,6516,6497,6538,6568,6543,6504,6479,6466,6504
6546,6460,6465,6537,6555,6597,6570,6497,6474,6510,6552,6558,6540,6468,6342,6358,6448,6487,6514,6537,6536,6543,6538,6528,6523,6511,6490,6519,6546,6545
6884,6875,6848,6889,6892,6888,6857,6813,6836,6799,6843,6805,6828,6657,6621,6662,6731,6923,7003,7205,7297,7295,7261,7235,7263,7290,7321,7281,7322,7377
7125,7425,7371,7403,7299,7383,7239,7303,7305,7298,7312,7237,7180,7223,7404,7424,7472,7504,7672,7768,8055,8195,8135,8137,8020,7987,7970,7964,7983,8019
7064,7177,7407,7317,7364,7256,7333,7321,7314,7352,7327,7298,7251,7340,7292,7434,7425,7401,7420,7357,7415,7375,7395,7332,7391,7313,7326,7325,7311,7359
7063,7023,7002,6970,6885,6746,6693,6662,6547,6473,6400,6376,6457,6488,6544,6583,6563,6545,6528,6520,6520,6506,6500,6504,6509,6539,6540,6515,6538,6515
7061,7031,7111,7142,7228,7162,7236,7117,7136,7080,7001,6983,7096,7192,7297,7295,7304,7333,7392,7418,7356,7336,7358,7379,7385,7372,7342,7349,7302,7303
7181,7202,7199,7157,7171,7211,7159,7107,7094,7086,7077,7097,7187,7345,7362,7431,7456,7464,7515,7498,7453,7445,7443,7404,7404,7356,7373,7356,7366,7359
7405,7325,7335,7331,7371,7348,7309,7201,7301,7297,7273,7337,7361,7404,7416,7465,7490,7581,7691,7828,8061,8193,8221,8183,8120,8095,8150,8120,7888,7699
7167,7243,7234,7217,7198,7169,7060,6968,7057,7109,7347,7387,7391,7440,7489,7594,7648,7617,7647,7704,7772,7968,7981,8086,8128,8144,8109,7980,7948,7901
7369,7411,7398,7348,7331,7258,7307,7370,7465,7458,7441,7426,7420,7444,7459,7501,7542,7565,7576,7735,8050,8141,8065,8084,8080,8089,7853,7640,7533,7432
6630,6639,6632,6644,6639,6653,6699,6703,6696,6702,6683,6692,6717,6715,6734,6718,6671,6766,6798,6859,6830,6864,6847,6840,6917,7000,7086,7129,7168,7081
6398,6437,6442,6434,6503,6521,6558,6620,6563,6506,6449,6435,6502,6529,6510,6469,6462,6561,6526,6507,6473,6498,6540,6584,6710,6646,6572,6472,6439,6405
6423,6474,6452,6506,6531,6570,6592,6570,6515,6429,6506,6500,6531,6527,6535,6530,6629,6617,6615,6606,6633,6667,6660,6625,6578,6569,6586,6604,6555,6525
6234,6205,6233,6257,6324,6381,6408,6372,6417,6392,6439,6432,6417,6408,6441,6462,6488,6517,6488,6477,6510,6587,6591,6524,6494,6410,6424,6446,6451,6374
6216,6214,6215,6229,6237,6227,6219,6225,6249,6309,6379,6391,6397,6428,6441,6496,6510,6535,6561,6529,6522,6609,6580,6523,6372,6313,6364,6320,6324,6341
6377,6366,6384,6395,6382,6378,6371,6457,6494,6464,6466,6462,6460,6495,6495,6504,6493,6495,6501,6509,6511,6521,6538,6410,6391,6378,6385,6355,6355,6344
6321,6329,6341,6369,6453,6474,6523,6510,6477,6449,6454,6484,6499,6512,6512,6473,6519,6471,6527,6552,6568,6583,6566,6479,6444,6401,6406,6377,6383,6380
6325,6361,6357,6390,6390,6441,6443,6457,6457,6438,6488,6514,6524,6523,6539,6565,6546,6576,6554,6568,6586,6568,6533,6467,6427,6401,6417,6436,6443,6439
6434,6422,6356,6362,6388,6379,6404,6384,6395,6400,6402,6408,6424,6405,6434,6415,6460,6566,6507,6575,6498,6443,6387,6371,6331,6353,6373,6371,6411,6451
6434,6451,6444,6502,6543,6538,6519,6451,6451,6467,6466,6477,6487,6494,6487,6532,6606,6586,6634,6542,6492,6380,6380,6346,6356,6329,6382,6486,6548,6634
6468,6473,6480,6499,6503,6501,6477,6495,6519,6556,6505,6527,6533,6535,6550,6679,6651,6616,6529,6483,6465,6440,6409,6372,6361,6415,6454,6526,6514,6548
6498,6526,6577,6510,6489,6475,6553,6558,6583,6592,6610,6644,6666,6682,6738,6823,6932,6908,6862,6777,6712,6523,6520,6422,6508,6526,6575,6597,6668,6693
6332,6440,6449,6499,6464,6483,6530,6544,6518,6576,6617,6622,6639,6606,6622,6575,6468,6416,6428,6468,6470,6470,6417,6430,6465,6505,6490,6487,6463,6459
6430,6435,6496,6479,6523,6536,6540,6515,6479,6477,6519,6537,6671,6711,6659,6599,6570,6541,6504,6470,6444,6430,6438,6497,6577,6634,6695,6668,6646,6668
6387,6397,6381,6483,6491,6532,6530,6435,6405,6450,6512,6649,6666,6622,6526,6361,6333,6371,6411,6411,6420,6457,6489,6521,6506,6481,6519,6608,6624,6610
6480,6449,6492,6520,6606,6633,6650,6627,6613,6647,6658,6603,6660,6538,6491,6471,6473,6473,6470,6468,6468,6509,6578,6559,6583,6611,6630,6665,6662,6655
6947,7182,7331,7238,7264,7289,7280,7196,7200,7179,7193,7212,7137,7165,7181,7169,7159,7170,7124,7132,7163,7184,7208,7261,7298,7272,7288,7286,7277,7306
6753,6789,6814,6863,6887,6883,6841,6900,7007,7167,7364,7228,7260,7204,7210,7176,7153,7104,7102,7174,7190,7246,7277,7303,7303,7294,7325,7304,7259,7212
6662,6681,6628,6624,6637,6590,6601,6775,6906,7035,7046,6951,6801,6635,6527,6520,6521,6547,6589,6660,6667,6738,6849,7029,7124,7241,7184,7182,7178,7189
6595,6648,6649,6651,6631,6628,6731,6876,6968,7085,7065,7090,7112,7094,7084,6949,6986,6973,7084,7152,7349,7219,7385,7321,7334,7269,7267,7226,7306,7292
6418,6486,6492,6464,6501,6749,6859,6990,7040,7054,7071,7063,7037,7005,6906,6810,6815,6957,7174,7435,7444,7505,7608,7784,8084,8372,8448,8447,8452,8359
6495,6537,6526,6608,6672,6674,6654,6561,6466,6445,6418,6403,6496,6469,6488,6502,6516,6538,6567,6570,6563,6595,6640,6657,6674,6647,6661,6594,6599,6610
6649,6600,6609,6668,6712,6676,6590,6578,6504,6490,6474,6558,6534,6533,6535,6572,6588,6636,6638,6662,6670,6706,6685,6701,6661,6643,6657,6694,6679,6714
6651,6699,6730,6731,6760,6728,6612,6503,6488,6506,6509,6493,6517,6577,6629,6663,6680,6662,6658,6675,6694,6694,6714,6699,6726,6801,6892,7029,7143,7263
6652,6638,6664,6717,6594,6534,6439,6428,6456,6497,6483,6488,6509,6605,6669,6691,6666,6658,6671,6708,6746,6903,6987,7187,7326,7321,7284,7314,7319,7256
6710,6736,6836,6915,6843,6805,6785,6760,6744,6710,6597,6577,6575,6587,6675,6728,6896,7048,7215,7316,7323,7196,7233,7258,7282,7351,7295,7370,7342,7284
6705,6750,6760,6745,6695,6585,6583,6578,6621,6599,6576,6622,6660,6654,6742,6892,6968,7039,7113,7294,7247,7264,7262,7237,7252,7247,7238,7229,7240,7255
6621,6596,6625,6590,6575,6524,6517,6527,6549,6563,6635,6678,6697,6753,6884,6958,7171,7311,7264,7215,7279,7190,7260,7232,7283,7290,7259,7245,7269,7323
6436,6474,6466,6467,6444,6453,6492,6460,6420,6531,6542,6574,6662,6689,6745,6817,6953,7188,7295,7254,7257,7277,7279,7259,7324,7212,7263,7308,7171,7234
6529,6508,6475,6460,6475,6455,6488,6505,6543,6519,6559,6588,6638,6620,6622,6613,6606,6587,6571,6552,6569,6604,6654,6718,6614,6629,6632,6630,6607,6603
6551,6484,6423,6455,6428,6465,6480,6522,6530,6603,6654,6654,6640,6640,6616,6640,6628,6628,6669,6713,6702,6700,6712,6664,6627,6647,6642,6640,6640,6619
6533,6437,6445,6464,6511,6500,6546,6535,6569,6610,6682,6698,6687,6661,6693,6683,6693,6684,6666,6702,6706,6680,6626,6626,6643,6631,6628,6673,6635,6635
6558,6517,6479,6489,6480,6548,6562,6643,6716,6743,6870,6976,7021,7091,7104,7227,7182,7280,7262,7277,7299,7224,7211,7287,7215,7257,7266,7173,7213,7221
6562,6480,6483,6500,6551,6548,6589,6664,6704,6714,6639,6631,6620,6627,6644,6676,6703,6713,6659,6684,6681,6671,6702,6760,6901,6972,7034,7002,7040,7033
6599,6600,6607,6600,6626,6630,6670,6677,6653,6624,6625,6665,6641,6668,6676,6682,6675,6690,6688,6677,6677,6677,6711,6705,6709,6690,6659,6657,6644,6702
6614,6595,6612,6650,6651,6684,6708,6726,6854,6974,7141,7286,7235,7184,7181,7229,7257,7251,7212,7204,7230,7197,7199,7250,7203,7157,7144,7175,7179,7173
6383,6573,6575,6678,6760,6875,6937,6926,6903,6918,6874,6904,6926,6903,6938,6977,7130,7323,7295,7265,7364,7288,7379,7290,7311,7294,7284,7254,7193,7140
6482,6545,6611,6636,6682,6726,6834,6789,6812,6787,6810,6810,6826,6842,6977,7166,7331,7263,7273,7282,7252,7277,7187,7184,7227,7228,7145,7159,7120,7151
6438,6545,6636,6700,6703,6689,6694,6690,6680,6665,6662,6655,6667,6685,6706,6654,6642,6664,6717,6708,6706,6648,6677,6670,6649,6634,6627,6613,6651,6645
6564,6605,6692,6690,6671,6638,6641,6598,6590,6613,6613,6639,6681,6687,6611,6575,6596,6628,6649,6689,6661,6623,6544,6527,6590,6554,6542,6559,6638,6674
6902,7000,7088,7082,7079,7052,7027,7073,7109,7217,7283,7297,7349,7249,7339,7276,7259,7192,7189,7112,7053,6949,6915,6795,6669,6578,6488,6548,6645,6787
6916,6983,7065,7046,7034,7013,7041,7038,7078,7123,7362,7298,7314,7280,7291,7288,7277,7276,7239,7210,7212,7228,7199,7199,7174,7189,7197,7197,7275,7288
6814,6891,6868,6879,6862,6876,6862,6904,6924,6974,7112,7295,7295,7243,7239,7233,7266,7228,7240,7196,7196,7157,7177,7151,7141,7227,7249,7261,7267,7260
6599,6605,6605,6577,6553,6564,6598,6615,6658,6718,6647,6642,6645,6732,6836,6912,6865,6881,6890,6880,6826,6750,6650,6533,6519,6581,6655,6716,6706,6696
6544,6606,6640,6611,6584,6617,6681,6732,6847,6948,7046,7093,7126,7218,7178,7115,7099,7064,6964,6933,6854,6758,6724,6767,6847,6973,7197,7350,7287,7296
6598,6575,6536,6542,6655,6722,6749,6837,6862,6882,6885,6954,7123,7259,7210,7209,7203,7184,7126,7142,7129,7157,7245,7246,7288,7272,7278,7265,7287,7287
6581,6560,6562,6677,6742,6897,6961,7060,7058,7070,7091,7040,7013,6982,7045,7069,7049,6993,6929,6771,6699,6657,6716,6724,6913,6943,7072,7117,7340,7283
6566,6558,6621,6647,6663,6671,6628,6637,6636,6670,6660,6675,6634,6647,6647,6609,6608,6592,6562,6563,6588,6654,6675,6646,6648,6645,6631,6632,6633,6637
6553,6644,6707,6740,6814,6792,6823,6829,6839,6816,6801,6747,6716,6607,6550,6537,6553,6518,6556,6617,6667,6703,6659,6622,6597,6604,6602,6620,6620,6639
6625,6654,6700,6725,6828,6828,6837,6884,6952,7103,7250,7177,7136,7171,7110,7157,7107,7102,7143,7251,7296,7291,7283,7289,7294,7301,7307,7328,7388,7359
6604,6671,6715,6652,6659,6688,6627,6592,6631,6555,6499,6462,6447,6494,6499,6452,6512,6555,6612,6687,6703,6680,6602,6612,6632,6658,6659,6639,6675,6686
6605,6655,6665,6674,6682,6691,6689,6681,6654,6662,6696,6665,6626,6571,6467,6523,6536,6540,6595,6680,6681,6681,6662,6649,6654,6663,6636,6627,6617,6625
6588,6610,6617,6614,6675,6747,6880,6893,6860,6807,6774,6784,6724,6658,6610,6557,6568,6622,6683,6729,6873,6943,7074,7117,7284,7232,7248,7294,7319,7331
6516,6536,6588,6680,6684,6670,6606,6590,6638,6608,6524,6467,6465,6496,6575,6543,6605,6631,6623,6610,6605,6610,6610,6610,6596,6570,6573,6581,6587,6589
6502,6535,6698,6733,6863,6866,6771,6754,6734,6656,6533,6424,6485,6540,6547,6572,6575,6613,6626,6626,6587,6563,6539,6536,6527,6527,6526,6565,6583,6590
6462,6652,6768,6908,6896,6894,6840,6788,6740,6778,6742,6756,6801,6807,6794,6830,6842,6855,6842,6847,6870,6860,6863,6862,6862,6862,6883,6939,7155,7339
6655,6744,6817,6862,6893,6876,6817,6689,6519,6347,6394,6490,6574,6617,6655,6658,6656,6666,6634,6637,6641,6647,6635,6635,6674,6681,6668,6654,6687,6685
6466,6541,6500,6508,6500,6479,6490,6461,6435,6397,6440,6451,6513,6547,6590,6605,6599,6604,6614,6614,6591,6591,6591,6603,6640,6680,6680,6690,6688,6625
6504,6496,6476,6491,6491,6462,6452,6408,6400,6501,6514,6526,6523,6564,6569,6570,6568,6571,6582,6574,6563,6557,6560,6565,6556,6565,6541,6535,6581,6584
6446,6452,6485,6471,6449,6435,6429,6413,6503,6480,6519,6512,6547,6507,6551,6563,6552,6566,6561,6546,6524,6525,6533,6509,6506,6513,6553,6610,6632,6669
6456,6467,6442,6452,6462,6407,6434,6446,6450,6443,6460,6508,6516,6529,6524,6551,6549,6530,6547,6544,6532,6532,6532,6562,6568,6544,6576,6591,6620,6608
6460,6421,6453,6463,6463,6424,6520,6496,6510,6499,6541,6527,6567,6597,6629,6620,6607,6606,6599,6598,6591,6591,6618,6582,6582,6582,6591,6615,6608,6624
6500,6483,6447,6410,6461,6536,6563,6615,6615,6631,6626,6636,6675,6685,6694,6673,6663,6684,6673,6698,6687,6704,6670,6679,6714,6672,6667,6652,6693,6707
6501,6480,6442,6424,6416,6438,6469,6533,6583,6570,6583,6578,6597,6619,6608,6608,6605,6600,6621,6617,6614,6601,6615,6732,6906,7085,7174,7320,7290,7387
6484,6475,6455,6535,6548,6550,6595,6639,6651,6659,6681,6695,6671,6646,6666,6667,6683,6708,6704,6705,6684,6667,6704,6697,6708,6666,6585,6485,6516,6474
6474,6474,6518,6496,6496,6483,6508,6486,6507,6514,6541,6563,6544,6551,6531,6529,6497,6454,6442,6457,6526,6638,6675,6675,6646,6617,6584,6593,6597,6617
6412,6440,6472,6451,6507,6543,6524,6551,6561,6573,6563,6556,6556,6558,6498,6500,6503,6486,6481,6493,6606,6663,6734,6796,6810,6793,6806,6757,6736,6701
6466,6460,6456,6459,6497,6493,6497,6504,6519,6518,6489,6489,6494,6476,6490,6480,6485,6490,6490,6561,6602,6626,6608,6604,6619,6616,6535,6508,6502,6494
6468,6464,6486,6506,6512,6540,6550,6550,6533,6505,6511,6530,6520,6520,6527,6522,6531,6523,6594,6638,6646,6652,6659,6664,6680,6641,6615,6550,6565,6619
6479,6469,6506,6492,6515,6513,6513,6498,6482,6485,6475,6485,6475,6480,6470,6471,6468,6564,6631,6660,6672,6680,6687,6714,6568,6567,6529,6565,6583,6592
6074,6036,5991,5997,6000,5998,5993,5971,5985,6021,6023,6046,6051,6076,6124,6138,6407,6503,6691,6708,6690,6702,6710,6661,6670,6646,6624,6628,6645,6624
5801,5828,5908,5908,5907,5845,5829,5818,5904,5871,5899,5856,5902,5902,5912,5967,5975,5974,5990,6028,6092,6132,6150,6302,6361,6475,6529,6566,6480,6530
5667,5723,5706,5669,5702,5673,5689,5660,5653,5710,5720,5782,5896,5878,5759,5736,5735,5759,5766,5773,5886,5803,5843,5843,5857,5801,5808,5880,5881,5859
5621,5625,5637,5628,5621,5621,5638,5643,5661,5656,5710,5829,5873,5917,5871,5871,5883,5883,5883,5882,5825,5861,5835,5851,5835,5869,5864,5835,5849,5849
5715,5743,5739,5693,5698,5712,5682,5697,5771,5819,5850,5845,5744,5731,5731,5745,5783,5785,5769,5745,5760,5736,5737,5734,5716,5720,5739,5738,5770,5745
5174,5088,5103,5111,5204,5218,5313,5347,5347,5430,5448,5328,5319,5319,5341,5371,5381,5370,5368,5387,5358,5392,5389,5397,5347,5355,5314,5318,5303,5305
4531,4455,4295,4178,4219,4244,4222,4233,4257,4328,4448,4546,4539,4523,4496,4494,4496,4525,4543,4538,4528,4510,4434,4418,4428,4440,4384,4370,4358,4332
4679,4504,4479,4430,4488,4514,4514,4615,4791,4858,4853,5041,5064,5055,5055,5068,5009,5012,4977,5073,5083,5075,4915,4936,4930,4916,4909,4904,4881,4982
4352,4233,4341,4286,4289,4321,4341,4439,4736,4725,4707,4685,4692,4706,4707,4525,4536,4497,4454,4486,4453,4440,4448,4419,4385,4387,4399,4423,4434,4416
4360,4281,4287,4273,4266,4334,4365,4310,4342,4308,4359,4334,4320,4319,4310,4332,4303,4296,4304,4320,4304,4283,4213,4200,4115,4062,3940,3836,3802,3807
3887,3858,3850,3919,3915,3992,4125,4303,4280,4314,4309,4338,4392,4339,4270,4236,4223,4237,4139,4021,3831,3907,3924,3978,3939,3891,3882,3880,3935,3942
4098,4116,4161,4159,4330,4506,4575,4649,4603,4598,4595,4579,4622,4666,4607,4565,4565,4499,4406,4348,4366,4443,4379,4379,4374,4448,4380,4383,4410,4471
3865,3785,3889,3936,4231,4339,4343,4312,4358,4346,4351,4409,4566,4652,4657,4710,4575,4553,4444,4380,4316,4226,4195,4137,4155,4127,4135,4173,4138,4192
3897,3972,4035,4209,4305,4304,4336,4389,4427,4438,4466,4464,4484,4502,4493,4392,4234,4131,4037,3977,3921,3952,3909,3956,3956,3946,4022,4073,4129,4183
4164,4155,4209,4252,4252,4178,4201,4201,4203,4246,4299,4224,4241,4275,4201,4162,4093,3977,3910,3905,3902,3918,3890,3900,3885,3973,3910,4034,3963,4078
4368,4427,4398,4436,4446,4444,4470,4442,4547,4564,4565,4534,4503,4437,4379,4386,4358,4289,4188,4153,4068,3973,3985,3997,4071,4102,4224,4431,4522,4653
4178,4333,4292,4291,4296,4296,4283,4279,4295,4241,4236,4270,4206,4225,4181,4150,4059,3959,3915,3936,3925,3934,3935,3961,3963,4008,4011,4048,4066,4082
4290,4240,4224,4200,4217,4232,4324,4401,4445,4512,4586,4545,4401,4357,4318,4271,4213,4062,3986,3987,4050,4051,4061,4081,4086,4104,4167,4251,4356,4536
4187,4196,4204,4301,4290,4249,4256,4185,4229,4234,4169,4043,3965,3900,3891,3891,3908,3897,3864,3928,3900,3996,3953,3959,4040,4153,4166,4191,4295,4203
3934,4002,4045,4058,4082,4081,4000,3881,3925,3860,3840,3868,3843,3861,3854,3835,3846,3866,3880,3879,3921,3944,3961,3989,4103,4059,4071,4184,4293,4209
3858,3937,3938,3852,3831,3823,3846,3872,3861,3843,3865,3893,3932,3945,3879,3918,3920,3896,3897,3937,3959,3928,3991,4089,4097,4119,4304,4290,4168,3990
3921,3956,3929,3888,3874,3889,3898,3911,3813,3826,3872,3933,3927,3890,3878,3896,3922,3906,3883,3894,3944,3927,4031,4072,4047,4163,4036,3920,3944,3904
3801,3730,3791,3718,3742,3729,3758,3691,3808,3777,3792,3758,3733,3770,3777,3802,3813,3838,3798,3903,3939,4087,4008,4061,4163,4261,4161,4139,4064,4019
3707,3639,3622,3616,3680,3608,3641,3657,3733,3749,3748,3692,3690,3725,3830,3849,3852,3873,3866,3872,3997,4027,4062,4113,4119,4054,3972,3822,3880,3856
3560,3535,3530,3540,3545,3563,3620,3716,3754,3778,3721,3728,3656,3789,3753,3767,3712,3830,3827,3995,4123,4150,4268,4216,4138,4027,3886,3724,3689,3667
3567,3557,3576,3564,3567,3729,3777,3812,3717,3698,3685,3673,3761,3761,3794,3777,3816,3854,3962,4005,3946,4056,4063,4033,3981,3932,3973,3818,3803,3801
3495,3498,3503,3535,3581,3662,3725,3707,3694,3672,3693,3711,3704,3739,3776,3867,3923,4127,4193,4133,4257,4155,4100,4045,3952,3855,3797,3770,3779,3788
3499,3494,3578,3602,3661,3712,3696,3670,3661,3665,3741,3707,3777,3782,3771,3822,3943,4070,4067,4091,4103,3967,3916,3893,3888,3871,3921,3846,3880,3810
3441,3471,3532,3566,3717,3672,3648,3636,3708,3719,3706,3745,3769,3849,3817,3948,4041,4063,4078,4073,4034,3895,3891,3822,3862,3850,3836,3836,3768,3745
3436,3521,3724,3776,3802,3739,3745,3734,3758,3728,3736,3815,3763,3739,3828,3902,4021,4104,4150,4052,3976,3856,3976,3907,3853,3845,3864,3838,3796,3839
3493,3553,3597,3621,3610,3601,3653,3653,3655,3640,3743,3731,3779,3840,3906,3923,3884,3947,3850,3816,3707,3678,3691,3644,3648,3648,3634,3623,3627,3608
3576,3600,3606,3504,3507,3555,3582,3582,3582,3688,3742,3712,3774,3809,3828,3842,3816,3802,3749,3729,3722,3699,3635,3627,3641,3624,3602,3585,3588,3549
3411,3446,3382,3398,3433,3512,3510,3519,3641,3672,3651,3714,3774,3789,3859,4000,3968,3887,3891,3848,3884,3769,3807,3814,3801,3756,3775,3763,3739,3771
3449,3399,3429,3441,3405,3420,3420,3525,3574,3579,3710,3733,3777,3777,4041,3960,3898,3888,3913,3865,3873,3857,3881,3820,3891,3811,3875,3795,3843,3854
3548,3450,3505,3563,3538,3569,3638,3655,3720,3923,4034,4000,4037,3990,3908,3773,3872,3832,3824,3826,3840,3829,3809,3780,3779,3804,3765,3780,3786,3910
3603,3608,3607,3636,3631,3690,3727,3725,3902,3951,3932,4019,4097,3988,4129,4134,4142,4126,4077,4019,4048,4007,3993,4002,3936,3903,3957,3927,4034,4052
3835,3780,3799,3824,3827,3856,3892,3954,3927,3937,3949,3975,3949,3842,3904,3736,3728,3780,3793,3793,3752,3708,3708,3685,3607,3514,3546,3763,3782,3860
3834,3870,3878,3939,3925,3955,4008,4035,4015,4030,3945,3839,3963,3908,3779,3849,3752,3738,3738,3711,3684,3689,3674,3668,3675,3690,3938,3842,3939,3950
3837,3853,3963,3898,3937,4062,4125,4165,4219,4171,4044,3938,3859,3851,3919,3882,3932,3881,3990,3822,3877,3848,3852,3852,3852,3992,3906,4005,3888,4005
3933,3979,3999,3968,4167,4240,4265,4454,4197,4051,3817,3894,3782,3782,3772,3770,3770,3734,3713,3676,3660,3640,3681,3667,3805,3834,3965,3877,3944,3927
